-5.566555,14.381813,15.169708
-6.085076,13.53751,15.034475
-5.855967,15.062176,14.496397
12.43828,-4.171669,2.17387
13.114502,-3.438421,2.245092
12.747837,-4.846667,1.50413
2.507164,-10.197321,-10.492312
2.936262,-10.857042,-11.109275
3.207814,-9.597012,-10.106673
14.566301,6.648648,-11.402848
14.9148,5.985345,-10.740596
14.264731,7.472267,-10.922528
-11.077391,7.266034,-6.033161
-11.710476,6.51791,-5.834377
-10.207964,6.89052,-6.354229
-13.746695,8.731865,14.232603
-13.927595,9.208403,15.092944
-13.087558,7.996708,14.390977
-2.627369,2.256141,-13.989766
-2.586778,2.322799,-14.986716
-3.148174,3.027977,-13.625031
-9.385032,14.481333,-4.077949
-10.137216,14.886783,-4.597401
-9.126504,15.094842,-3.331778
-1.493255,13.359174,2.519541
-0.646757,13.862094,2.344863
-1.940153,13.731195,3.333103
-8.215732,1.987548,-14.800244
-8.254449,1.472276,15.417754
-8.757331,2.823432,-14.88951
4.236502,11.545167,3.024199
4.996456,11.914772,3.558859
4.510425,11.466745,2.06565
-2.161609,5.630574,-14.699076
-2.769693,5.196353,-14.034481
-1.495107,6.200454,-14.218439
-10.544548,0.117505,2.729803
-11.243127,0.828946,2.806221
-9.708618,0.420676,3.187305
0.763665,-2.220089,4.937981
1.54163,-2.84231,5.025222
0.181746,-2.518076,4.181295
2.319898,7.321581,8.062844
3.184969,6.990365,7.686083
1.587707,7.171214,7.39855
3.865429,-6.375569,10.931751
4.506648,-6.885417,11.505243
3.075818,-6.951872,10.721064
-5.491476,-5.39109,-15.039751
-6.481892,-5.518261,-15.093637
-5.266708,-4.869321,-14.216808
8.944139,-10.73429,-13.981428
8.957745,-11.724503,-13.84253
9.776554,-10.453238,-14.459022
-11.02472,2.309648,5.983278
-10.411918,3.057788,5.728798
-11.124949,1.683271,5.210228
-7.944465,-13.98007,-1.05648
-8.630902,-14.64438,-0.760682
-7.256628,-13.86963,-0.339066
3.63883,5.85077,11.591739
4.486101,5.737914,12.110773
2.970834,6.345563,12.147582
-8.591411,-3.675501,-7.39001
-8.352007,-3.480019,-8.341048
-7.958196,-3.196887,-6.781761
8.806738,8.146545,11.662968
9.097502,7.47287,10.983543
8.082975,8.718411,11.276786
7.201834,-7.223644,7.13689
7.85448,-7.091104,6.39091
6.897502,-6.333343,7.475631
-14.994793,13.924489,9.332347
-14.772065,13.18645,9.969285
15.508472,14.602907,9.794775
13.297825,5.41552,7.283978
14.190038,5.8427,7.430518
13.413931,4.573434,6.75728
7.984128,13.603502,-1.277224
8.006426,12.983985,-2.061891
7.552498,14.464942,-1.544838
2.731816,13.048421,9.215632
1.978123,13.522053,9.671286
2.57771,13.050001,8.227579
-14.892776,0.384968,3.25213
-14.227107,0.963475,3.723526
-15.00516,-0.471883,3.755297
-11.601067,2.667005,-4.514573
-12.557065,2.932055,-4.388806
-11.501339,2.1812,-5.382932
0.157735,-14.730799,3.063844
0.914318,-15.011499,3.654428
-0.380997,-14.025609,3.524794
-7.751873,-2.144993,-9.957369
-6.81293,-1.851414,-9.77793
-8.055775,-2.75544,-9.225933
-3.023199,-4.887883,-1.662259
-2.672536,-5.607133,-1.062498
-2.345041,-4.682161,-2.367795
2.226056,-0.583708,-15.173937
2.591895,-1.171489,15.178635
2.979431,-0.221573,-14.625042
8.572635,-14.545952,8.721682
7.945461,-13.808905,8.973505
8.057537,-15.292777,8.301055
-9.03063,-5.603943,10.379001
-9.428176,-6.255263,11.025328
-8.489942,-6.097911,9.698081
0.310378,-11.490256,-7.367967
1.146205,-11.871208,-7.763275
-0.207015,-11.013248,-8.078437
-2.825035,2.812086,-10.76739
-3.263372,3.187017,-11.584267
-2.144051,2.131318,-11.037232
-3.812548,-10.205852,-11.803973
-4.777914,-9.944954,-11.804991
-3.251538,-9.40845,-12.026273
-8.201776,-0.861474,-2.618784
-8.473171,-1.490925,-1.89068
-8.910153,-0.166018,-2.739382
-14.831433,1.226249,-3.61546
-15.36853,0.383457,-3.650513
-14.765333,1.617783,-4.533247
-4.332306,-15.129607,-6.13395
-4.100574,15.09665,-6.610791
-4.735098,-15.346648,-5.244764
-2.267165,-11.393377,2.18598
-3.00568,-10.873992,1.756054
-1.390392,-11.110149,1.797328
9.69166,10.947716,8.852028
9.951542,10.079168,8.430026
10.459075,11.301204,9.38693
7.750278,2.659019,-8.376208
7.984776,2.220373,-7.508682
8.510097,3.237227,-8.673445
-0.261557,2.397803,13.776003
-1.047389,1.779368,13.778405
-0.429848,3.148125,13.13671
-0.269113,9.189102,14.532184
-1.135493,8.84563,14.894692
0.132596,9.83325,15.183108
-8.219193,0.765188,-0.298293
-8.243868,-0.225508,-0.432135
-8.394888,1.223699,-1.169442
-1.037132,-12.170318,15.341136
-0.099081,-12.479513,15.184746
-1.212485,-12.12166,-14.749711
-6.496114,5.990835,3.367906
-5.744149,6.320198,3.93893
-7.367013,6.286296,3.760636
-1.069246,-5.121033,-4.949818
-0.984384,-5.62297,-4.089086
-0.024115,-5.25177,-5.494945
-3.272475,2.890378,12.663374
-2.5889,2.205272,12.915082
-3.855812,3.084613,13.452038
3.950282,-6.055107,-1.13201
4.411213,-6.9307,-0.987509
3.303282,-5.892104,-0.387148
10.003143,-7.066964,2.025942
10.551045,-6.439046,1.473201
10.413974,-7.157693,2.933128
-6.910138,-8.457138,-10.550656
-7.724237,-8.614655,-11.109612
-6.107688,-8.827142,-11.018812
1.232787,7.323533,-13.123669
2.079573,7.036272,-12.67597
0.486516,6.719336,-12.844336
-0.607611,-1.690954,15.522138
-1.336981,-1.242259,-15.03559
0.001722,-0.999904,15.158771
12.605795,9.201178,-13.343033
12.456595,9.180946,-14.331633
11.959885,9.837607,-12.92142
13.621495,13.33971,1.548131
13.118143,14.192423,1.408424
14.03347,13.3413,2.459325
15.041893,5.6123,-8.152748
14.572774,4.827776,-7.747225
14.476443,5.998601,-8.881472
3.56599,2.205879,-15.269139
4.123237,2.237105,-14.43938
3.184777,1.288098,-15.380286
-1.67569,-1.576477,-8.547896
-2.45163,-1.264836,-7.999446
-1.096611,-0.795056,-8.78038
10.365721,3.044602,4.540438
10.598924,2.974425,5.51033
9.474098,3.486807,4.443158
0.400791,5.605594,-6.55937
0.670564,6.558871,-6.695332
1.216381,5.046283,-6.411102
-2.189606,5.684356,13.581229
-3.053693,5.638366,13.079991
-1.429637,5.72385,12.932471
-7.764465,-4.626869,-3.245699
-7.233989,-4.045907,-3.863015
-8.068441,-4.088139,-2.459971
3.441069,-13.362675,-2.109627
3.884409,-12.595176,-2.572654
2.454283,-13.204846,-2.072987
-0.052783,-6.649361,2.628339
-0.237722,-5.910477,3.236522
-1.463911,-6.91895,2.854336
-8.411161,-3.782187,15.163029
-7.634864,-4.011196,14.575733
-8.775971,-4.617605,-15.500035
-9.644639,5.221506,3.450159
-10.417369,5.522908,2.891549
-9.9132,5.212294,4.413377
2.17885,0.948768,-10.416108
1.532514,1.584831,-9.994595
2.2709,0.136545,-9.84007
-5.000579,-2.188676,0.214627
-5.611277,-2.03198,-0.561578
-4.188305,-2.683084,-0.094843
10.869952,-2.565915,0.236686
11.759284,-2.314313,0.618505
10.93457,-2.605921,-0.760422
-4.009365,-12.183456,-9.034491
-4.398,-11.498517,-9.650788
-4.155084,-13.096194,-9.416167
-8.191524,-9.520531,8.204206
-7.397215,-9.082443,7.783313
-7.93924,-9.872978,9.105391
5.299466,-6.810899,-11.046255
4.936026,-6.364008,-10.22882
5.662479,-7.709867,-10.801145
-1.991221,-8.443343,-0.691234
-2.917278,-8.807415,-0.790579
-1.417801,-8.782944,-1.436795
2.388208,11.288206,-4.650337
1.823489,12.08388,-4.869413
1.805709,10.548875,-4.312574
4.072043,9.396029,-11.791654
3.543048,8.786408,-12.382015
3.454996,10.039377,-11.338491
11.799771,14.829879,-8.024299
11.800859,13.899986,-7.65647
11.123779,14.897259,-8.758121
4.146342,-10.434567,1.712673
3.649966,-10.361175,0.847674
5.122946,-10.294532,1.549468
-7.61415,7.766314,7.700582
-8.113675,7.887088,8.558421
-8.153369,7.199332,7.077866
-3.27984,14.269392,12.57109
-3.846477,14.3171,11.748504
-3.334275,15.137684,13.064147
-10.10422,-9.797089,-5.702841
-9.14621,-9.848252,-5.42071
-10.583869,-10.622541,-5.405241
-8.411012,-12.966275,-5.415004
-9.307631,-13.196215,-5.793422
-7.877396,-13.802753,-5.290267
4.656869,3.960242,0.695612
5.580548,4.341389,0.656318
4.032283,4.639165,1.081559
8.098772,11.554117,15.409234
8.744209,12.201541,15.003952
8.512634,10.644207,15.437207
-14.208354,-5.907372,0.648675
-14.350059,-6.695366,0.004952
-13.288661,-5.541476,0.506247
-10.085666,-7.700614,-10.37127
-10.96333,-8.143927,-10.553423
-9.345352,-8.263188,-10.739299
-7.537611,-6.802824,-6.422171
-6.981977,-6.373155,-7.133968
-8.154588,-6.123244,-6.025296
-5.494869,-3.928163,4.378273
-4.90182,-3.644772,5.13192
-5.198309,-4.820582,4.038214
-1.279596,5.313945,3.83091
-0.494189,4.713278,3.68146
-1.892628,5.263444,3.042467
7.373437,6.718091,5.881172
8.134839,6.686057,6.52866
6.545263,7.01733,6.355074
-2.947166,-14.021419,-12.235136
-3.149992,-14.829841,-12.787691
-2.40669,-13.375894,-12.77475
-11.211016,-1.803286,14.106197
-10.439994,-2.411049,13.916069
-11.973906,-2.033705,13.502123
1.199773,-4.205582,-7.511428
0.972392,-3.347294,-7.051385
1.971004,-4.057746,-8.130579
-13.72288,-10.012404,-1.636085
-14.51264,-9.901208,-2.239338
-13.192467,-9.164786,-1.62172
-3.915415,11.757809,15.108686
-4.596838,12.462699,15.305645
-3.100936,11.91637,-15.407357
3.303778,14.019849,6.640628
2.69902,14.460373,5.977147
3.884442,14.710243,7.072121
7.153786,7.707108,2.345134
7.131004,8.616473,2.760507
7.109399,7.011801,3.062475
8.132228,11.146784,-5.48728
8.865821,10.6457,-5.946361
7.378819,11.295742,-6.127738
-13.698952,-10.684995,12.31124
-12.885901,-10.845956,11.75174
-14.23724,-11.52593,12.366674
8.359951,-12.035301,5.455959
7.532467,-11.542881,5.72576
8.445775,-12.867832,6.00325
-15.13409,-3.689735,2.277371
15.312906,-3.931439,1.536928
-14.561739,-2.92105,1.991822
5.249009,14.807228,4.517988
5.867997,14.243311,3.971314
4.590052,14.219692,4.987644
-0.008644,15.238257,6.394971
-0.873958,14.740652,6.334796
0.698309,14.634237,6.762909
-7.516049,-11.576675,-10.783958
-8.231293,-11.057919,-10.315643
-7.709631,-12.554803,-10.707858
14.03029,-1.991181,3.772026
13.505352,-1.760745,4.591379
13.471775,-1.822306,2.959905
-4.967872,7.152201,-11.021008
-5.745942,6.734329,-11.490039
-5.091241,7.069571,-10.032093
10.324564,11.283098,4.277377
9.99189,11.569027,5.176028
10.591505,12.088973,3.748882
2.497039,10.079513,-14.248044
2.754535,9.406976,-13.554221
2.065681,9.613198,-15.020366
-14.772254,-9.405455,-4.06787
-15.32977,-8.857352,-4.691375
-15.350745,-10.079578,-3.608624
-3.097402,-6.997017,-8.146972
-3.944686,-6.511724,-8.362843
-3.094341,-7.883956,-8.608849
-12.903602,-4.818636,13.487239
-13.614741,-5.347013,13.023451
-12.689462,-5.246703,14.36525
6.398398,-2.805954,-8.062936
6.529211,-2.083625,-8.742001
7.104421,-3.504537,-8.179178
12.988861,-6.826049,3.097382
12.252642,-6.96206,3.760316
13.201364,-5.851173,3.030601
12.870836,14.558998,12.224097
11.930423,14.794376,12.469497
13.071343,14.901118,11.306082
-14.31654,4.981936,10.078791
-13.862363,4.450365,10.793743
-13.686782,5.118556,9.314108
-4.957944,-10.284616,-2.812259
-4.464352,-10.229862,-3.680227
-4.878681,-11.209973,-2.441543
-14.367301,8.003632,6.740532
-14.919553,7.591807,6.015674
-13.800738,8.731879,6.354963
4.752362,14.423941,0.443218
4.542767,13.669894,-0.179264
4.074898,15.150252,0.326963
12.647386,-1.654931,-14.271067
12.007844,-1.43622,-13.534079
13.02706,-2.568102,-14.122862
13.534227,-5.400585,-11.27881
14.444823,-5.057805,-11.047905
13.15469,-4.859303,-12.02912
5.663308,6.233131,-8.880589
6.368293,6.756004,-9.359755
5.598349,5.318199,-9.278936
13.228895,5.702299,-0.590363
13.592329,4.911097,-1.082211
13.161297,6.480589,-1.214618
-0.516392,-5.503654,10.344
-0.958569,-5.013602,11.095218
-1.112402,-5.49084,9.541124
-5.749825,5.090316,-4.870777
-6.332727,5.264327,-5.664469
-6.210235,5.409951,-4.042613
-13.761957,-7.54101,7.130076
-13.58708,-8.139747,6.348454
-13.098281,-7.733938,7.852789
-3.923276,7.342554,-6.97733
-4.69629,7.772163,-6.510547
-3.452409,6.727148,-6.345223
-7.685349,12.948183,10.798195
-8.303471,13.452521,10.195229
-8.204928,12.26677,11.31367
14.549357,4.60557,3.271327
13.998466,4.357256,2.474546
14.003047,5.167828,3.892142
-9.513173,15.034957,9.761989
-10.209377,15.528031,9.240284
-9.318096,14.16179,9.315307
-7.577789,-1.382339,7.282719
-8.511226,-1.738556,7.240234
-7.57565,-0.510696,7.772856
7.585577,-8.72928,-12.310314
7.912841,-9.391304,-12.98457
7.265398,-7.906252,-12.779474
11.188934,-5.368424,10.942228
11.325586,-5.338847,11.932406
10.53649,-4.659464,10.674473
11.789766,-13.222759,4.894026
12.145133,-14.01375,5.39207
11.247578,-13.535909,4.114303
-4.532776,0.927512,6.199317
-3.652135,1.18606,6.596337
-5.26663,1.420887,6.666265
0.923801,3.600676,-10.050874
-0.003889,3.400069,-9.869265
0.990895,4.27206,-10.78894
3.08866,-15.369125,13.507786
3.734387,-15.52837,14.254565
3.156554,-14.418331,13.205494
15.034714,-6.573606,-7.358066
15.346027,-6.018765,-6.58655
-15.300634,-7.179997,-7.652112
2.336891,14.643367,3.372575
1.741068,13.853999,3.22461
3.01968,14.419858,4.068164
6.971928,7.844001,9.392046
7.344673,8.68334,9.787737
7.662683,7.414291,8.81049
9.532975,-1.124261,-5.32282
9.458133,-1.974192,-5.844372
8.992523,-1.198779,-4.484751
0.482631,-10.448412,-12.88151
0.003349,-9.760321,-13.591937
0.903815,-11.260134,-13.286121
-5.37578,-8.925792,4.799154
-5.228903,-8.925879,3.809999
-6.08446,-8.259386,5.030834
-6.870178,13.965516,2.993169
-7.466972,14.239059,3.747497
-6.810762,14.710106,2.328297
-2.63199,1.452359,-1.552537
-3.250874,2.20962,-1.761197
-2.202922,1.608034,-0.662781
2.872658,14.174664,-11.18977
3.406902,13.481597,-10.705785
2.699706,14.948113,-10.579964
-6.059666,0.685275,10.195554
-6.540577,1.475424,9.815567
-6.40373,-0.151144,9.768912
-2.896873,9.716055,-12.448386
-3.660677,9.758798,-13.092417
-3.241998,9.495154,-11.536196
9.842428,-10.216686,12.337485
10.688857,-10.674168,12.06496
10.029683,-9.594441,13.097581
-3.389885,-6.482114,10.233286
-3.85599,-6.943901,10.987938
-2.759374,-5.797883,10.599734
-15.039649,-6.408528,-10.330667
-14.131873,-6.030713,-10.512873
15.484564,-5.732725,-9.839893
11.316985,10.066969,-0.435015
10.404806,9.657555,-0.041745
11.909307,9.535415,-1.040494
2.668735,-5.849197,-12.518966
3.362575,-5.168571,-12.283733
3.054554,-6.509559,-13.163222
15.185716,-12.135844,-2.583059
-15.107187,-11.668614,-2.997003
14.337967,-11.780889,-2.977177
-7.209397,-14.585248,1.780437
-6.386739,-14.295284,1.291402
-7.63233,-15.351269,1.296351
9.358885,15.329802,-5.320031
9.849592,14.678017,-5.89829
9.995589,-15.048619,-4.987511
-5.970507,2.472262,-7.862052
-6.83147,2.325998,-7.374866
-5.680736,1.616668,-8.290994
11.25316,-15.227041,8.408364
11.548879,14.892198,8.381981
10.576168,-15.067789,7.689809
-10.241229,10.031312,6.847411
-9.470972,9.929401,6.217873
-11.057275,9.615758,6.445684
-13.88504,-0.000581,9.452741
-13.500604,-1.207114,8.774368
-13.245121,-0.481276,10.214685
13.041874,-5.235984,6.777819
12.437531,-4.613387,6.280686
13.587477,-4.716589,7.435502
1.350907,3.76987,9.289027
2.081637,3.288732,8.804735
0.588967,3.14272,9.450677
10.492275,13.574774,-2.691302
9.830731,13.281337,-3.381413
10.676332,14.551647,-2.800124
-1.114995,-14.995768,-9.534529
-0.181415,-15.303983,-9.351686
-1.093723,-14.234076,-10.182118
8.534608,-13.618609,-9.846371
8.168536,-14.38985,-10.367119
9.073949,-13.033513,-10.45199
-12.112519,-1.985816,-14.320007
-11.556313,-1.525617,-13.628016
-11.808919,-2.933845,-14.415233
14.826219,-0.481416,-8.086472
15.328996,-0.458528,-7.22236
14.154768,0.259487,-8.101147
-8.811451,-1.215684,-15.073823
-9.240857,-1.44216,-14.199569
-9.462934,-0.717521,15.428134
-0.566507,5.844998,1.165543
-1.379953,6.146596,0.668206
-0.077224,5.000591,1.660165
-1.806242,-3.024087,12.125492
-1.865207,-3.811249,11.51157
-1.771,-2.182698,11.586213
1.57539,-6.481836,7.222173
2.115681,-7.289987,7.456644
0.974204,-6.694785,6.45196
-10.117774,-4.972131,-13.483804
-9.55606,-5.587032,-14.037314
-9.888525,-5.090353,-12.517642
-4.750656,-4.602049,-9.485801
-4.97822,-4.027926,-8.699291
-4.361125,-4.034505,-10.211169
-12.496883,10.157488,-5.470858
-12.499832,10.451068,-4.514928
-11.570616,10.233415,-5.839998
4.939768,12.047325,-7.48848
4.47758,12.487415,-8.258352
4.259077,11.73084,-6.827801
-2.902276,-13.922429,4.175996
-3.192462,-13.184326,4.785091
-3.457004,-14.735986,4.350358
12.168138,-10.188135,3.018108
12.779168,-10.458774,2.274201
11.676235,-9.356731,2.759655
10.502058,-11.556613,8.007895
11.053751,-12.065232,8.668911
9.733503,-12.122601,7.709598
-3.741679,8.198597,-14.662191
-3.95803,7.222909,-14.62718
-4.057063,8.578953,-15.531594
-12.577373,7.569063,-13.732285
-13.026794,6.710415,-13.485824
-13.028788,8.328153,-13.263235
8.652407,6.838332,-4.853171
7.907265,7.505195,-4.845596
8.396768,6.059368,-5.425765
5.650497,-10.060768,14.63326
6.404144,-9.505636,14.281345
4.78941,-9.744628,14.235033
12.421724,2.67311,1.1212
12.020709,1.852231,0.714574
11.695226,3.246357,1.50013
-4.271099,14.7669,5.209569
-3.433302,15.15868,5.589838
-4.494911,13.922434,5.696173
-6.820271,-0.782567,3.307243
-7.334489,-0.020953,2.669115
-5.917017,-0.382085,3.461341
11.454782,4.200205,-3.910934
10.982322,4.747748,-3.220298
11.978108,3.4762,-3.46155
2.413499,-7.998263,-5.930084
2.766022,-7.242965,-5.377588
2.936583,-8.062012,-6.779978
5.564631,-2.924184,3.399379
6.233367,-2.748396,2.676959
5.200664,-2.055434,3.735238
7.444088,-1.648512,7.929144
7.203402,-1.081802,8.717122
8.309271,-1.33032,7.541572
-10.792399,13.339338,0.208195
-11.431123,13.821079,0.080816
-10.118816,12.850315,0.762399
0.822594,8.063292,-3.695318
-0.007099,8.447848,-3.290688
1.294799,7.501025,-3.016438
-0.098319,7.435125,8.109217
-1.681553,7.125552,7.463885
-0.100733,7.034305,7.863019
7.738402,13.992059,11.592798
7.035564,14.392157,11.004632
7.668705,12.994893,11.564464
-11.606267,0.044733,10.570433
-12.484337,0.476681,11.048063
-11.618013,-0.291259,9.896379
-8.819024,-12.728568,15.092375
-8.162976,-13.035659,-15.292358
-9.681153,-13.221477,15.209744
2.128672,1.05532,12.297191
2.052134,0.060812,12.368567
3.001585,1.292703,11.870959
2.158876,11.256745,-1.107529
1.375474,11.877556,-1.137126
2.038906,10.60412,-0.359407
10.822363,-12.152654,-11.342281
11.589409,-11.599958,-11.668113
10.527669,-11.81887,-10.446879
-14.326916,11.031328,6.950408
-13.345518,10.949118,7.123898
-14.502468,11.856279,6.413157
11.477556,7.51119,6.504081
10.926717,8.072249,5.88619
12.112222,6.95237,5.970302
-11.838026,-11.019018,-9.184587
-11.067165,-10.454299,-9.479318
-11.534066,-11.65306,-8.473533
15.215537,-2.713186,-14.857273
-15.314,-3.335734,-14.295286
14.876612,-1.962431,-14.290266
10.255073,-13.235165,-7.372678
9.895999,-13.908931,-8.018515
9.977318,-13.482282,-6.444354
4.059467,-4.070095,-6.753808
3.790675,-4.114257,-5.791622
3.624149,-3.280108,-7.185571
13.544014,-8.860741,-0.136216
13.004385,-8.866864,0.705664
14.186191,-8.094479,-0.114936
14.378807,-5.977788,9.551283
14.550666,-5.499528,10.412521
13.770358,-5.427085,8.979867
4.901894,14.524718,-3.859362
5.508201,15.132817,-3.346909
5.371222,13.6602,-4.039198
-14.828853,10.127364,11.645768
-14.315549,9.926757,10.811337
-15.522841,10.820682,11.451627
12.933478,-9.116109,-12.266886
12.87751,-9.141244,-11.26877
12.59745,-9.980285,-12.641432
-15.208512,11.246686,-12.060937
-14.237964,11.006347,-12.044351
-15.357018,11.988713,-12.714651
-13.634427,-0.015737,-6.982585
-14.314309,-0.087817,-6.847649
-12.735664,-0.570286,-7.129987
-6.208395,-4.455944,10.315499
-6.787373,-5.08878,9.801395
-5.7873,-3.803034,9.685906
-8.670896,9.273815,10.637039
-9.539917,9.721726,10.426854
-8.422607,8.659807,9.887808
-11.282144,10.423122,-0.087432
-11.38936,10.240384,0.889866
-10.536294,11.07492,-0.224788
-0.670848,14.709588,-13.040184
-0.001199,14.884909,-13.8561
-0.139425,14.167388,-12.389332
3.751432,-11.100582,-13.839295
3.154171,-10.3888,-14.20895
4.207599,-11.576575,-14.591188
-10.627807,7.805959,-0.695859
-11.191388,7.88325,0.126578
-11.169896,8.060925,-1.496566
-1.631085,-14.518642,-2.268764
-2.285058,-13.944193,-2.761031
-2.124087,-15.127834,-1.647608
-6.961656,-1.273435,-6.799688
-6.393116,-1.815147,-6.180567
-6.506968,-0.404539,-6.995337
-5.987502,3.566609,1.983523
-5.561421,4.145815,2.678488
-6.883531,3.939486,1.742496
-12.464108,14.312465,15.450614
-11.949759,13.571889,15.018186
-12.228756,15.180854,15.014141
-2.954328,8.925207,3.014548
-3.837012,8.615773,3.368272
-2.218999,8.415938,3.46169
10.13737,-12.209887,-3.354975
9.451747,-12.838043,-3.722863
10.565445,-12.618579,-2.548921
-5.156978,4.239642,6.786888
-5.673473,4.61676,6.018113
-5.408092,4.722299,7.625925
5.49974,-10.709054,-9.919851
4.894224,-10.097994,-9.409993
6.005839,-10.182841,-10.603198
-1.29432,-13.41633,7.524744
-1.371946,-12.579477,8.066639
-1.216917,-14.20358,8.136502
0.954985,-10.489643,-2.997074
1.383229,-11.110886,-2.340824
0.183882,-10.94967,-3.437273
10.235292,-3.097768,-13.039172
10.751825,-2.39365,-12.551922
10.855022,-3.620974,-13.624142
10.296917,5.324321,-12.193857
10.144658,4.71611,-11.414821
10.794318,4.832487,-12.908483
-7.26761,-8.443192,-2.732447
-7.07146,-8.82495,-1.829238
-6.823266,-9.00076,-3.433644
14.206428,10.33908,-5.635554
13.493301,11.02654,-5.772845
13.900223,9.672282,-4.956128
12.451597,-1.731102,-8.731298
11.934045,-1.19723,-8.062628
13.141747,-1.148585,-9.160679
-2.635506,-0.655143,2.636298
-2.308046,-1.264023,1.913778
-2.192481,-0.894634,3.500227
2.429789,-7.2233,15.118633
3.119975,-7.798852,14.680018
1.517949,-7.569653,14.898207
-13.701525,-11.693144,-12.053163
-14.291243,-12.395051,-12.452611
-14.242393,-11.107344,-11.44959
-12.93646,5.237148,-2.517513
-12.121402,4.81115,-2.124822
-12.758172,5.482238,-3.470479
-7.03931,5.12093,-8.532807
-6.534426,4.28708,-8.309678
-6.409945,5.801207,-8.90847
14.342128,-14.116983,5.788638
13.760434,-13.340396,6.030597
14.223705,-14.845207,6.463668
-12.304769,3.293908,-10.40054
-12.339745,2.733942,-9.572763
-13.079041,3.065208,-10.990624
14.673568,-3.465346,11.127929
15.128928,-4.230274,11.583487
13.759159,-3.343965,11.514094
13.751587,14.891987,-13.085651
13.326534,15.376992,-13.849915
13.71462,15.463795,-12.266097
5.886543,-9.158294,-2.215279
6.704162,-8.92531,-1.688765
5.814541,-8.549982,-3.005705
13.295994,7.647194,14.258414
13.918731,6.962811,13.87918
13.823896,8.351884,14.732473
12.095329,9.993584,2.56817
12.950097,10.079871,2.056383
12.273614,10.137801,3.541523
-9.95588,-3.580127,1.696035
-10.734715,-3.818495,2.276205
-9.922134,-4.200074,0.912117
9.256491,-14.293613,2.600432
9.545846,-14.144883,1.654835
9.693307,-15.11962,2.956668
-10.496694,9.770465,13.306998
-10.552513,10.3837,12.519072
-10.371782,10.308984,14.1403
2.994458,3.090269,6.40658
3.004061,2.58113,7.26721
3.776427,3.712974,6.37895
11.987373,-1.812143,11.454905
12.615117,-2.572987,11.29042
11.144061,-2.158654,11.865702
5.356334,1.721929,-7.468356
4.678684,2.288603,-6.999666
4.945876,1.319809,-8.286784
-10.063438,-8.237872,-14.335317
-10.217407,-9.132756,-14.754214
-10.864633,-7.658136,-14.483621
13.954202,11.441549,8.285482
13.701463,12.356571,7.971064
13.214902,10.801347,8.076732
6.54014,3.418298,8.087744
6.256921,2.461235,8.149539
7.266112,3.594651,8.752473
-2.054719,-4.854927,4.154583
-1.517992,-4.290862,4.782083
-2.914473,-4.390769,3.941555
5.176593,11.003027,11.236917
5.386765,11.847261,11.729965
4.413134,10.537081,11.684158
-14.957681,-14.238147,12.319827
15.467746,-14.893643,11.933196
-15.260012,-13.969965,13.234526
-13.67595,13.935541,-6.237111
-14.669074,13.818723,-6.229402
-13.254367,13.243394,-5.651278
-6.632701,6.998585,0.139805
-7.559108,7.07899,-0.228033
-6.065903,6.474729,-0.496054
7.32738,12.657126,4.420977
7.764331,13.4608,4.824936
7.361878,12.724819,3.423867
-5.639918,4.469233,10.624637
-6.150291,5.305597,10.4246
-5.390802,4.017794,9.767815
-14.467968,-3.928541,-5.487062
-15.183847,-3.941813,-4.788963
-14.882139,-3.789649,-6.386601
5.926066,-4.642607,-14.96453
6.265096,-3.762708,-15.297451
5.136644,-4.92372,-15.51023
-15.197618,1.559712,0.026826
15.218904,2.095029,0.798317
15.402511,1.095742,-0.480096
-10.117522,-7.002964,5.289079
-9.488207,-7.331981,5.993146
-10.432652,-7.774698,4.736701
-11.598157,6.913861,4.685423
-11.969208,6.973015,5.612149
-12.276684,7.250618,4.032585
1.377615,-4.639248,15.305774
0.798606,-4.404813,14.524884
1.776143,-5.54554,15.165032
-2.411021,-1.973192,-11.674858
-2.772493,-2.644033,-12.3224
-3.064249,-1.222953,-11.572708
-1.958251,-10.844359,-4.899121
-1.278284,-11.266675,-5.498533
-2.50535,-10.19183,-5.423417
-7.718619,-15.281312,-10.626598
-7.609113,-15.043528,-11.591724
-6.843346,15.477969,-10.259507
11.570349,5.32696,2.517285
11.476773,5.808332,3.388792
12.53098,5.093249,2.367063
11.171022,8.867135,-10.524131
11.178169,8.230376,-11.295161
10.271548,9.298881,-10.456732
-11.893533,12.528802,6.011317
-11.309968,12.346576,6.802674
-12.605567,13.183177,6.265878
-0.026864,-0.133926,6.664404
0.768021,0.400527,6.377144
0.042014,-1.059755,6.292792
6.617018,-7.620524,3.832281
7.389119,-6.991239,3.920944
5.870997,-7.318483,4.425765
0.019712,15.435996,13.026309
-0.091118,14.73578,12.373149
0.687208,-14.912869,12.542805
7.306142,10.420682,2.763261
6.606609,10.223698,3.450175
8.015568,10.998856,3.166288
9.741066,-1.492131,9.478576
9.589381,-2.137364,10.227353
9.600353,-0.558888,9.809118
9.705865,-4.777014,7.278425
9.058593,-4.988078,6.545969
10.401873,-5.493543,7.324898
-14.785155,1.718733,6.552159
-14.296572,2.172659,5.807016
-15.130828,2.405736,7.191328
-0.353012,5.21392,-12.249682
-0.057699,5.995289,-11.699907
0.054701,5.274313,-13.160793
15.065423,13.113885,5.46545
15.035924,14.064739,5.157219
-15.060474,12.850006,5.642041
8.071254,-1.499956,-12.765357
8.872117,-1.418372,-12.172092
7.350414,-1.999938,-12.285349
8.073746,-6.359879,14.655641
7.14878,-6.554352,14.329119
8.336527,-5.434897,14.381132
-3.862622,-4.612147,1.793335
-3.287837,-3.819544,1.589856
-4.453008,-4.404317,2.57324
-8.318971,3.736512,14.161114
-8.848718,4.37749,14.716556
-7.854491,3.082739,14.758474
8.3515,-11.744978,-0.878618
8.012167,-10.865942,-1.213504
8.14258,-12.459271,-1.546553
-9.486173,-1.812295,11.728434
-9.26279,-1.056557,12.344031
-8.841719,-1.821017,10.963841
-11.100223,13.368133,-12.213632
-11.657676,12.664245,-11.773418
-11.368829,13.454391,-13.173012
-13.95058,-4.54901,-8.307116
-14.335554,-4.919227,-7.461696
-14.675478,-4.452408,-8.989164
0.339077,-11.783744,-0.619754
1.211405,-11.867187,-1.101502
-0.402203,-11.696513,-1.285258
6.098445,-3.56628,-0.851384
5.750388,-3.095659,-1.662169
5.449437,-4.274119,-0.572542
12.09758,3.362631,11.37227
12.077331,3.649081,10.414389
12.776752,2.638024,11.489191
-12.558928,2.747754,-15.205151
-12.771608,2.172405,15.079227
-13.368677,2.828634,-14.623975
4.14151,-11.731864,7.526361
4.644087,-11.268023,8.255929
4.638992,-11.633796,6.664448
5.712068,9.226722,-3.492908
6.389891,9.712481,-2.941006
5.110599,8.69869,-2.893395
-11.401944,-3.937876,8.706728
-10.609776,-3.954997,8.096665
-11.547497,-3.005608,9.037923
-1.089082,0.281943,-3.695423
-0.394603,-0.345975,-3.344113
-1.731678,-0.221233,-4.273251
-10.225228,-10.356768,14.725011
-9.637633,-10.980779,14.209897
-10.782804,-10.879796,15.369643
-13.260092,-10.167763,1.389949
-13.400092,-11.113998,1.681565
-13.960235,-9.58485,1.802275
6.847133,-14.542513,-4.816856
7.073695,-15.495817,-5.016558
7.312126,-13.945431,-5.470519
-7.088344,11.974015,-5.092331
-6.379144,12.653325,-5.280936
-6.731722,11.058862,-5.280255
-6.283927,8.551835,13.158541
-6.745515,8.066037,13.900793
-5.664507,7.925741,12.684912
5.606965,0.651016,-4.945526
5.961679,0.192634,-5.760427
5.756282,0.070591,-4.145019
14.441038,-10.18943,-14.719259
15.435015,-10.204798,-14.610757
14.124073,-11.090526,-15.015162
4.96494,-15.065443,11.195036
4.081796,-15.431965,10.902259
5.357296,15.412924,11.895821
-9.706201,12.030387,-9.253865
-10.373222,12.774138,-9.297649
-9.744754,11.600769,-8.351678
-4.682765,11.293238,-0.726608
-4.792586,11.753917,0.154139
-5.280349,10.492151,-0.760552
0.433003,9.967511,-9.426883
1.31368,10.199957,-9.014115
-0.014517,9.259351,-8.880773
11.699788,4.748943,-7.398411
11.019916,4.021202,-7.308038
11.595821,5.193604,-8.288055
2.909405,-11.794192,12.528311
2.299496,-11.20975,13.06351
3.213413,-12.562751,13.091246
-0.831386,9.157082,5.537597
-0.810088,9.974208,4.961531
-0.050195,8.573143,5.316787
-0.807363,11.955344,9.558767
0.001941,12.504355,9.681378
-0.660373,11.042043,9.938601
-14.380473,-8.518742,3.905399
-14.615748,-7.556049,4.039068
-15.193026,-9.083553,4.049435
9.448037,-5.224091,-10.178333
9.312011,-5.888577,-9.443517
9.179062,-5.632177,-11.050753
-14.192187,-7.907883,11.998788
-13.934703,-7.734714,11.048149
-13.88283,-7.148729,12.571486
-12.096749,14.300118,-9.598943
-12.673228,15.11273,-9.513314
-12.289093,13.845111,-10.468409
12.170695,2.310165,-14.446722
12.956056,2.597957,-13.898649
12.471473,1.660079,-15.144518
4.598032,-12.927853,0.686409
5.165864,-12.417188,0.040818
5.135511,-13.668505,1.089585
12.866321,-13.254407,12.79785
13.510112,-13.86855,12.341384
11.949544,-13.65292,12.77122
-0.409569,-0.055646,12.578493
0.060059,-0.999295,11.814721
-0.288219,-1.103556,13.40672
8.747462,0.813351,13.092494
8.291559,1.443059,12.463509
8.08525,0.147083,13.435369
-14.643751,5.578704,-14.971124
-14.348776,5.040692,15.313385
-14.47337,5.061048,-14.132672
6.037018,12.736228,7.176915
5.722467,11.811705,7.392122
6.257425,12.795126,6.203287
7.675905,9.607542,-7.684372
7.180201,8.929879,-7.141187
8.415307,9.1573,-8.184939
-15.20714,-7.523958,-14.434057
-14.872037,-6.686615,-14.002127
15.039325,-7.832563,-13.965335
-12.595253,-11.434606,6.107857
-12.606422,-12.367843,6.466944
-12.951008,-10.806804,6.800173
-3.020866,3.860191,9.641776
-3.154707,4.850432,9.680643
-2.344109,3.588211,10.325901
-13.74709,12.610875,12.833509
-13.219643,13.178414,12.201292
-13.74816,13.033936,13.73961
3.069084,8.891884,-7.423673
2.517777,8.872426,-8.257749
4.035572,8.792996,-7.660575
9.362382,5.287655,8.108332
10.198213,4.97016,8.556198
9.60068,5.808525,7.288632
4.412074,-11.692034,-4.875015
5.116437,-12.160698,-5.408143
3.568311,-11.641149,-5.409314
1.863471,9.866307,11.947839
1.20171,9.120057,11.875835
2.554172,9.634369,12.632775
-2.822956,-13.033224,12.365719
-2.131662,-12.844924,11.668111
-3.380389,-12.215943,12.511728
-8.547379,-13.17421,4.633072
-9.186537,-13.469777,5.343084
-8.909833,-13.421388,3.734445
8.543394,9.494606,-3.184165
8.417027,10.098909,-2.397495
9.100487,9.957277,-3.873791
7.791944,-10.92016,-5.099547
7.872101,-10.049833,-5.585454
8.576106,-11.034867,-4.489685
11.817916,0.165829,2.893724
12.164358,0.536776,2.032111
12.154539,-0.768119,3.013834
8.660219,0.748559,5.999971
9.050012,0.160275,6.708479
8.451659,0.200993,5.189617
1.148721,-15.437228,-7.785546
0.571414,-14.978067,-8.46074
0.822524,-15.220307,-6.865469
4.257467,-14.064442,-9.103987
4.26926,-14.667701,-8.306529
3.398499,-14.186167,-9.601336
12.342596,-13.428401,-1.703958
12.456826,-12.434947,-1.703672
13.038128,-13.844054,-1.117897
-10.623799,-11.665696,-3.189223
-11.09488,-12.417365,-2.727621
-10.873953,-11.660059,-4.157412
13.943766,-13.638007,1.161834
13.420361,-12.961567,0.643688
14.604477,-14.082726,0.557115
6.713058,-0.366488,-9.52954
5.949422,-0.399432,-10.174345
7.552416,-0.129558,-10.018766
5.473727,5.157532,-11.566844
4.488094,5.298235,-11.66028
5.707603,4.231081,-11.861784
12.81801,-8.825554,7.600088
13.427826,-8.137848,7.994023
12.304612,-8.421352,6.843092
-1.139144,-9.844011,4.427234
-2.008546,-9.735967,3.945086
-1.293714,-9.774739,5.412784
14.615058,14.867796,-0.082599
14.457145,14.211397,-1.563692
14.812115,-15.307092,-1.216499
4.056337,7.641646,1.021479
4.521645,7.891602,1.870603
4.65365,7.055387,0.474198
-8.047112,9.431213,-9.377607
-7.339171,8.745067,-9.210209
-8.271034,9.448216,-10.352066
1.338371,-2.460603,-0.042982
0.843715,-3.296794,-0.192966
2.204913,-2.698834,-0.868398
7.584467,-4.63818,2.728726
7.213573,-5.428641,2.241273
6.883562,-4.260916,3.334039
-11.410829,1.654649,-7.593392
-12.185787,1.86367,-6.996944
-11.22767,2.437165,-8.188473
-3.055797,-7.063913,6.271483
-2.06048,-6.984935,6.327231
-3.478114,-6.389605,6.877252
3.413513,0.062931,-3.282841
4.363453,-0.247763,-3.249917
3.285084,0.065908,-4.075376
6.444466,10.37652,-13.126774
6.803308,9.470207,-12.903549
5.488731,10.296165,-13.409818
12.017365,-7.241832,-2.790169
12.966893,-7.451055,-3.023887
11.456731,-7.268558,-3.617802
-6.529455,-1.771963,-12.809627
-6.66552,-1.901689,-11.827457
-7.083967,-1.00147,-13.124042
13.719455,-11.140297,-7.096755
14.288183,-11.728666,-6.521977
13.577433,-11.578268,-7.984454
-4.865632,4.426759,14.493094
-5.562122,4.072527,13.869059
-3.964968,4.350365,14.065346
7.118025,-3.35338,-10.961245
6.607294,-3.265016,-11.816433
7.962537,-3.862156,-11.128416
9.103393,-13.740565,12.269309
8.61525,-14.612997,12.245252
9.81034,-13.773546,12.975805
-8.474818,4.781723,7.32115
-8.046342,5.210937,8.11625
-8.591522,5.462039,6.597582
-4.527849,-0.458884,14.750598
-4.080929,-0.671412,-15.454591
-3.954258,0.170113,14.225854
14.745329,-12.038643,-11.23475
15.298066,-12.464371,-10.518344
14.259981,-11.250149,-10.856975
-10.873465,-6.336455,0.922767
-10.459562,-5.984472,0.083248
-10.198089,-6.8744,1.427229
-15.378048,6.249992,-4.971233
-14.784889,6.951169,-5.366851
15.242831,5.744019,-5.705084
5.579679,8.242547,13.795409
5.542865,9.013518,13.159604
5.918374,7.432147,13.317353
13.65396,13.577729,-10.09348
14.000088,12.707005,-10.442815
14.02862,14.328004,-10.638199
-2.305405,12.798833,6.095749
-1.434115,12.325622,6.22585
-2.918658,12.582954,6.855562
10.131878,1.925502,9.863817
10.612595,2.792483,9.732463
10.582852,1.210132,9.330086
-8.108922,13.95155,-1.389139
-7.763333,14.719147,-1.928918
-7.584895,13.128186,-1.607007
-10.802817,15.292028,4.762101
-10.168193,-15.270857,4.182567
-10.302273,14.584923,5.261559
-8.262205,9.566909,-6.296391
-7.618828,9.449498,-7.052883
-8.893089,10.31332,-6.508184
-5.139531,-11.373776,1.765616
-4.189564,-11.11147,1.935199
-5.48497,-10.878219,0.968688
13.133961,0.804654,8.823831
12.298064,0.658979,8.294628
12.934243,1.393443,9.607055
15.184224,14.787554,15.061646
15.348011,14.108317,-15.297095
-15.342338,14.561713,14.255952
-1.695091,6.179893,-1.989019
-0.770425,5.814916,-1.880464
-2.316678,5.440992,-2.249124
5.443294,11.648601,-0.692349
4.949357,12.250248,-0.064618
5.762803,10.840534,-0.197432
-6.69804,-11.227756,13.893075
-6.045799,-10.512886,14.145151
-7.359625,-10.859961,13.239597
-8.492599,-7.308233,12.941668
-8.398417,-8.041647,13.614895
-8.45667,-6.423164,13.405739
-2.368386,2.757838,-4.609296
-1.73871,2.073476,-4.24166
-3.175209,2.818238,-4.021597
-0.253476,14.407908,-1.151717
-1.128629,13.948511,-1.303571
0.398692,13.760634,-0.757113
14.335611,7.257328,4.339112
14.248623,7.764014,5.196843
14.151952,7.869678,3.570154
-12.93315,-3.794014,6.358145
-12.326607,-3.267343,5.762558
-13.209683,-3.229183,7.135638
10.59542,-4.707297,13.819045
10.471765,-4.040502,13.084134
11.504914,-4.596805,14.219809
0.231127,-0.947101,9.606403
0.324997,-1.942666,9.612529
-0.675821,-0.695737,9.94443
4.156842,-1.828876,-11.050725
4.564353,-1.843673,-10.137645
3.264461,-1.379414,-11.010211
-1.200531,12.121523,-5.953712
-1.183509,11.123963,-6.021426
-1.607393,12.389428,-5.08039
-11.990114,-4.960827,3.538824
-11.089306,-5.21952,3.190078
-11.881381,-4.402798,4.361491
1.323812,8.481565,2.959449
1.305226,7.663623,2.384448
2.144614,8.46896,3.530523
-9.029571,1.681861,-5.035553
-9.385771,1.859853,-5.952853
-9.533648,2.231922,-4.369716
-14.156542,-14.746565,3.553486
-14.470792,-15.426519,4.215987
-14.616701,-14.896345,2.678375
0.783299,-12.103366,4.924988
0.019273,-12.08527,5.569919
0.429679,-12.13529,3.990143
2.262449,5.200631,2.824989
2.884035,5.215501,3.608194
1.395973,5.63044,3.078926
-3.280843,0.509262,9.954138
-2.558225,0.984665,9.452326
-3.790866,-0.079016,9.326598
8.108485,-5.474197,11.681987
8.028907,-4.57287,11.25622
7.198221,-5.874596,11.787349
-14.367566,3.75413,12.563336
-15.233628,4.240791,12.677786
-13.641207,4.41011,12.358172
-7.947913,1.140203,-9.169813
-6.985605,1.289752,-9.396962
-8.520858,1.72324,-9.745835
10.887448,-3.963669,-7.935508
10.214771,-3.87516,-8.670132
11.133677,-4.926356,-7.823241
3.076475,-6.510558,-9.381109
3.741061,-6.854735,-8.717884
3.435942,-6.631122,-10.306445
9.709252,-15.529191,-11.416752
9.273997,14.760419,-10.975107
9.103633,-14.735569,-11.358523
-13.044758,-7.204464,-3.647709
-13.752666,-7.647152,-3.097351
-13.153192,-6.211794,-3.594346
8.26024,14.194816,-14.006053
7.362228,14.489441,-13.679295
8.501455,14.710505,-14.828172
-2.269198,-10.235197,10.667966
-3.137619,-9.751113,10.775245
-2.20746,-10.96409,11.349804
-4.069915,-4.275762,7.450112
-4.093965,-3.308396,7.197874
-4.368634,-4.830273,6.673398
5.733745,4.286156,13.591691
5.123985,3.666746,14.086184
6.087344,4.978404,14.220786
8.081041,-9.333306,-8.934534
8.785937,-10.018627,-9.117445
8.403492,-8.435348,-9.23403
-6.359144,9.488964,-14.403636
-6.943467,9.059694,-15.092326
-5.693967,8.821858,-14.068211
13.709223,6.082295,10.825671
14.024196,5.136151,10.900526
14.396543,6.625216,10.343149
8.803839,-6.878329,-5.908365
8.760352,-6.408903,-6.790265
9.70455,-7.298641,-5.798559
-15.466485,-6.228224,-2.75002
15.030172,-5.750881,-2.087716
-15.424219,-5.699305,-3.597639
4.144224,13.367988,14.798333
4.652368,13.992951,14.205702
3.433189,13.87489,15.285651
-1.629683,9.868903,-2.114524
-1.057982,9.304298,-1.519227
-2.541802,9.957632,-1.714317
-9.576243,9.502218,-2.713563
-9.754535,9.84418,-1.790917
-8.656956,9.110512,-2.751999
0.483951,12.599128,-14.674069
-0.407844,12.495394,-15.114457
1.102307,13.092692,-15.285649
-3.804829,0.214582,-7.937467
-3.408982,1.130198,-7.867094
-3.395991,-0.266604,-8.71291
4.440735,-12.595991,3.846487
4.451069,-13.343181,3.181957
4.207121,-11.741118,3.38322
9.564307,5.811158,-15.349833
9.264262,4.890889,15.473163
10.089233,5.770181,-14.499672
-11.104785,12.08555,8.840854
-10.681183,11.83592,9.711627
-10.808948,11.446413,8.130935
7.424498,-10.798061,10.071517
8.34599,-11.186221,10.085108
7.348053,-10.147291,9.3161
-11.070252,4.008845,9.538862
-10.471984,3.5375,10.186866
-10.5333,4.659765,9.00222
12.913505,1.425115,5.928015
12.57399,2.336828,6.159334
12.636059,0.776405,6.636675
15.458364,-1.566504,-10.651928
14.556898,-1.308765,-10.999677
-15.301413,-2.392185,-11.120353
-12.688109,-14.927377,-2.391884
-13.437622,-15.285497,-1.835125
-12.530224,-15.535992,-3.169482
8.185353,-6.815883,-1.591539
7.518262,-7.388616,-1.115129
7.815107,-5.893371,-1.700581
9.416984,-1.566364,-8.1474
10.387375,-1.801729,-8.201671
9.082899,-1.741177,-7.22121
-14.728586,-10.660937,8.160527
-14.645086,-11.551307,7.713012
-15.509402,-10.673758,8.785156
15.146262,2.888979,-14.514991
14.401201,3.053418,-15.1614
-15.193662,3.548029,-14.677978
3.509552,7.340416,-2.234029
3.558082,6.590687,-1.574066
4.430426,7.686354,-2.413801
5.580781,-13.097466,-13.584976
5.448852,-14.082052,-13.699804
4.964777,-12.604714,-14.199577
10.765127,-9.429711,-6.503734
10.186636,-9.991305,-5.912159
11.509115,-9.988505,-6.87011
-6.907332,-8.877155,-15.331876
-7.079489,-9.325144,-14.454569
-5.962864,-8.549694,-15.359253
8.407163,5.21158,-7.582614
8.955431,5.803111,-8.173793
7.846142,4.605058,-8.145985
14.214436,0.660183,-11.600894
14.731675,0.436562,-12.427004
14.840002,0.725692,-10.823478
11.560552,9.759857,-5.842757
11.735112,10.636925,-6.290283
10.737462,9.83113,-5.279336
-12.289146,-14.658568,-5.542164
-11.491309,-14.963388,-6.062299
-11.990382,-14.086401,-4.778381
1.353505,-7.773241,-1.852547
2.061576,-7.316329,-1.314155
0.882067,-7.100387,-2.422646
0.164236,14.988557,-4.269562
-0.087525,-15.480731,-5.025047
-0.202632,14.073757,-4.438529
-7.685316,4.036582,-0.741245
-8.465075,4.129803,-0.122145
-6.835785,4.158617,-0.228015
-13.31977,-14.122409,-9.837316
-12.948224,-14.858955,-9.272114
-14.264205,-13.937665,-9.565447
-14.37158,8.150233,-10.625523
-14.419399,7.202179,-10.940019
-15.110485,8.678029,-11.044391
-8.665753,0.727856,5.357176
-9.28869,0.179738,5.915311
-9.194966,1.292527,4.723866
5.023383,1.202371,1.236484
5.239942,2.131375,1.536573
5.303596,1.086061,0.283619
-4.502321,11.63116,-10.676025
-5.258215,12.10196,-11.130966
-4.825548,10.758929,-10.308961
7.506327,-15.090648,14.686918
7.504775,15.129176,14.167183
7.813326,-15.269699,-15.452516
-12.444898,6.386671,1.929935
-12.002482,5.490077,1.949617
-11.997467,6.964218,1.247114
-14.44161,-1.650361,-1.018208
-14.016526,-0.786701,-1.28912
-13.765121,-2.224626,-0.557141
-4.583009,-7.595841,1.365712
-4.600625,-6.788318,1.955285
-4.734549,-7.3191,0.416792
-12.365718,-5.15511,-1.935167
-12.763048,-4.629233,-1.183115
-13.010205,-5.863172,-2.223757
14.464307,11.758036,13.431448
14.660857,11.66591,12.455292
13.644904,11.231325,13.657624
9.005042,-0.839194,3.060219
9.429394,-0.001849,2.434261
9.641584,-1.589099,3.240379
-12.002531,0.248241,-1.94186
-11.97301,-0.025186,-1.076396
-11.431548,1.066369,-1.873715
-12.089974,-14.488545,13.328025
-12.874911,-14.635476,12.726124
-11.259055,-14.405352,12.777885
10.994323,-0.747986,-2.36109
10.25197,-0.771683,-3.03068
10.874763,-1.492606,-1.704397
3.431847,-4.480117,6.344387
4.123605,-4.831282,6.975381
3.880199,-3.985125,5.6001
6.65901,-11.745517,2.261982
6.114027,-10.927767,2.447131
6.475039,-12.434455,2.963066
-3.882556,14.864315,0.223948
-3.163636,14.334733,-0.226271
-4.196834,14.375309,1.037645
5.510996,-0.021043,12.987074
4.777896,0.006588,12.967662
6.197301,0.248039,13.662782
-6.041686,-8.686011,-5.18119
-6.932121,-8.450636,-5.570708
-5.315977,-8.307766,-5.755886
-11.282189,-5.137471,-6.412293
-11.491395,-5.815725,-7.116711
-10.351727,-4.795759,-6.544477
3.585564,3.861498,-6.806539
4.267864,3.305309,-6.332071
4.039768,4.621732,-7.271021
-7.146448,4.936196,-11.667092
-6.484675,5.491143,-12.171167
-7.945751,5.493321,-11.441867
1.656281,15.221389,-14.591992
0.958971,14.687029,-14.11427
2.388496,15.45996,-13.95407
-10.705206,-13.221656,-13.344894
-10.735926,-13.66009,-12.446656
-10.908165,-13.897951,-14.053013
11.802191,-8.260503,10.910714
12.079897,-9.054403,11.45164
12.339469,-8.226921,10.067978
11.136715,13.151543,-12.873161
11.872507,13.640561,-12.404682
11.525744,12.416179,-13.428045
13.207308,-2.3905,8.346201
12.614478,-3.004637,8.867152
13.55608,-1.672987,8.949138
5.481543,2.518084,10.466325
5.287826,3.152818,9.718269
6.423913,2.645272,10.775781
-4.346927,0.234282,-11.660596
-3.543983,0.530255,-11.143216
-5.158198,0.291955,-11.078777
4.72738,10.421625,6.60472
4.03262,10.687684,7.272943
4.392064,10.611063,5.681856
8.862228,0.371982,-0.956192
8.218504,0.919564,-0.421615
9.789192,0.722515,-0.822534
-1.157579,-6.0767,14.536659
-2.071785,-5.959533,14.148718
-0.693025,-5.191723,14.568381
14.755139,7.632786,0.861091
15.105027,7.175354,1.678608
14.512697,6.947924,0.173933
5.363917,2.82773,5.023709
6.093607,2.889424,4.34272
5.101378,3.747576,5.315183
-8.804632,10.136372,1.265978
-8.295881,9.504428,1.85063
-9.467489,10.641503,1.818666
0.865275,0.134053,3.025652
1.521344,0.802387,3.376229
0.982601,0.038679,2.037149
-4.619667,12.74444,10.439269
-5.229592,13.425738,10.84402
-5.053279,11.844162,10.477744
0.092867,-12.970175,-10.095022
0.101395,-13.524448,-10.186658
0.697661,-12.093953,-9.672092
-11.471451,-2.152391,-10.809308
-11.93613,-1.339117,-11.159534
-11.289898,-2.783326,-11.563603
-7.289615,2.441741,8.026956
-6.696091,2.229216,7.250707
-6.743633,2.477614,8.863985
-5.953009,4.05886,-14.127746
-6.352182,4.604127,-14.864865
-6.213077,4.450394,-13.245099
4.294893,0.101981,9.135263
5.189887,-0.065325,9.548778
4.333965,-0.110176,8.158809
-9.813094,-3.190014,6.449334
-9.021843,-2.665801,6.134496
-9.533791,-3.804089,7.187509
3.441497,-14.334779,6.02169
4.348843,-14.699778,6.230252
3.32903,-13.446599,6.46721
6.936761,2.570992,-13.923437
6.719023,1.747135,-14.446743
6.161869,3.202155,-13.957741
-6.591534,-6.630935,6.764182
-7.046962,-6.64456,5.874013
-7.24825,-6.366842,7.470566
1.789018,5.589923,14.121381
2.125762,4.661224,13.966065
0.800277,5.565617,14.269033
-10.253098,-14.179315,-8.806696
-10.889901,-13.643691,-8.252089
-10.724306,-14.518981,-9.620692
-9.79838,5.304675,-14.432652
-9.189192,6.088929,-14.315019
-10.665134,5.483083,-13.966919
-4.374265,7.490174,6.619929
-4.680707,8.157956,5.941578
-4.139495,7.962055,7.469759
9.188426,8.445283,-14.285741
8.473814,9.079703,-14.580432
8.94473,8.058533,-13.396339
-10.192824,-3.537657,-4.306337
-10.59069,-4.370591,-3.921729
-9.394444,-3.269824,-3.767027
5.397821,-2.619966,9.560088
4.835582,-1.984647,9.030695
6.293542,-2.209507,9.730994
-11.287562,-13.860711,2.33296
-10.627203,-13.227247,2.736256
-10.804363,-14.535307,1.774893
10.243986,15.045438,14.907614
10.549257,-15.086947,15.048643
9.662629,14.765552,-15.40254
0.742297,11.774797,7.107498
0.476858,10.810669,7.108482
0.150905,12.282692,6.481162
-10.604144,10.534555,-13.317633
-9.710945,10.775956,-12.938263
-11.316978,10.73528,-12.645639
11.171633,-7.075596,-8.928031
11.971661,-6.85195,-9.484752
10.820404,-6.243074,-8.499609
-15.156997,-11.909235,-8.774282
15.381603,-11.3771,-8.118524
15.299678,-12.387058,-9.39911
10.518591,12.222721,11.352407
11.220112,11.568634,11.069497
10.815292,13.149735,11.123032
-1.664184,-11.851305,-10.638298
-1.205614,-11.037385,-10.995016
-1.120034,-12.241997,-9.895829
-4.661347,-2.657587,11.708595
-5.347212,-3.34292,11.953357
-3.834922,-3.115372,11.380792
7.025179,3.889096,-4.503455
6.865253,3.422794,-3.633406
6.87035,3.250504,-5.257264
13.042791,-13.261936,9.430881
12.18906,-13.781949,9.40388
13.013468,-12.612267,10.190533
2.255768,4.476692,-0.854029
1.726614,4.450521,-0.005907
2.240324,3.574226,-1.284514
-5.647593,8.744701,-4.730145
-4.884595,8.098774,-4.705377
-6.146965,8.704028,-3.864713
7.599541,10.342013,6.13511
8.165536,10.869106,5.501216
7.075604,10.967523,6.713234
-7.472121,-6.682578,0.238844
-8.31795,-7.077074,-0.120247
-7.028103,-6.140361,-0.474492
7.230487,14.102509,-7.077155
7.015872,15.022754,-6.749909
7.620853,13.565433,-6.329382
7.833641,3.050625,-0.047079
8.283553,3.796294,-0.962276
7.681017,3.322063,0.479488
1.383006,1.94846,-6.15565
1.080413,1.193193,-6.737036
2.135139,1.640107,-5.573228
-2.763616,9.797864,-7.083405
-2.248173,10.431962,-6.507003
-2.147241,9.096353,-7.441128
1.196189,11.731249,2.595451
1.118319,11.044473,3.318138
0.591802,12.501056,2.800669
-4.510742,-12.963795,7.476412
-3.799418,-12.381754,7.870425
-4.118369,-13.850535,7.232008
-10.922162,9.545211,3.633743
-10.569063,10.180735,2.947135
-11.703562,9.04779,3.256932
-8.144201,15.341514,-14.776238
-7.816006,-15.260297,15.479875
-8.800448,-15.150633,-14.296017
13.539964,-7.088655,12.869273
14.277697,-6.691714,12.323207
12.711987,-7.155462,12.312506
-2.578325,-7.369649,-11.421104
-2.986013,-7.263855,-12.328076
-3.270276,-7.704783,-10.781659
-7.668351,13.395157,6.700732
-6.749629,13.393409,7.095633
-8.304227,13.830592,7.337958
-7.062116,-2.176033,13.209293
-7.565045,-2.35732,14.054395
-7.271772,-1.252471,12.888237
-14.181562,-0.197292,-13.667604
-14.47047,0.080555,-14.583755
-14.986452,-0.318172,-13.086623
-3.736387,-6.586008,-3.910075
-2.798713,-6.444822,-4.227619
-3.721344,-6.975342,-2.989101
14.100626,-4.707305,-4.751437
14.644385,-4.251849,-4.046536
13.762728,-4.02781,-5.402675
-3.250982,9.968553,12.419056
-4.17098,10.091262,12.046837
-3.219316,9.127431,12.958973
2.451465,-14.848513,9.708052
2.525321,15.341547,9.246608
1.550911,-14.452784,9.528054
-13.553777,10.280743,1.898489
-14.052489,9.786121,1.186706
-13.13371,11.098198,1.504393
9.685989,5.775596,12.776587
10.42738,6.001761,13.408401
9.014774,5.199397,13.242919
-9.677779,1.000219,13.574162
-9.577814,1.661281,14.317805
-10.310721,1.361811,12.889592
-9.936868,-9.836835,-0.114359
-10.929326,-9.907761,-0.014372
-9.686584,-8.884361,-0.288003
-1.18621,-4.224638,0.879949
-0.915048,-3.461616,1.466693
-0.556483,-4.98953,1.01554
14.221406,1.684899,13.881359
13.501967,1.019894,13.680919
13.807486,2.538979,14.196347
13.321545,-13.589067,-14.188115
13.280471,-14.106621,-13.333451
12.863202,-14.104426,-14.912219
-9.254507,-9.520267,4.083281
-9.829472,-10.007526,4.740543
-9.831644,-9.09837,3.384055
14.221272,10.403578,-2.489816
14.769246,9.579174,-2.631533
14.802501,11.131801,-2.126685
5.171106,-3.419587,-3.43679
4.21299,-3.22529,-3.647172
5.702241,-2.573998,-3.490409
-0.536126,6.744906,11.673875
-0.089886,7.248571,10.934151
-1.385922,6.340135,11.336225
-11.946969,-10.28891,9.600379
-11.27649,-10.904772,9.186649
-11.580508,-9.358592,9.615048
-2.701298,-4.989629,-13.071281
-3.566005,-5.427619,-12.825423
-2.20463,-5.570953,-13.715784
-11.740878,4.964522,12.676436
-11.739863,5.29068,13.621751
-11.279322,5.632631,12.09283
-0.044921,0.032694,-13.708137
0.007319,0.765635,-12.934103
-0.738818,1.024643,-14.363376
-9.740431,-8.912279,10.498578
-9.721156,-8.185408,9.812074
-8.87069,-9.40563,10.48616
4.745382,6.264073,3.829336
4.108382,5.677576,3.329084
5.684441,5.995917,3.614254
-10.15238,-13.883426,11.385221
-10.896076,-13.448019,11.892505
-9.415401,-13.222926,11.241689
-14.32364,-4.65158,8.527592
-15.198856,-4.78495,8.062608
-13.634124,-5.24883,8.117885
9.749667,-5.787508,-14.263528
9.438306,-5.010461,-13.716489
10.269213,-5.454358,-15.050346
-8.469037,-5.515107,-10.518684
-7.665168,-5.259539,-11.055787
-9.191879,-4.838264,-10.657906
-7.358292,7.217897,15.260453
-8.008653,6.874605,14.582823
-6.92164,6.446818,-15.350262
-13.271376,3.741168,5.020532
-13.031785,4.495285,5.632009
-13.648125,4.108423,4.17013
3.847691,9.02491,4.423583
4.234671,9.581391,3.688345
2.927719,9.351703,4.640052
-1.048197,3.502321,-0.500311
-1.849782,3.126892,-0.965622
-0.398911,3.845221,-1.179169
-11.773238,2.791399,1.191948
-12.18743,3.604704,0.783316
-11.012365,3.064753,1.780463
-7.489774,-6.017088,3.826434
-6.730737,-6.664975,3.890507
-7.993542,-6.007394,4.690218
2.383242,-7.52488,1.425746
3.22809,-8.035218,1.586331
1.625898,-8.165446,1.298846
-8.392472,6.163633,10.532941
-8.490023,6.618396,11.418195
-8.862101,6.698002,9.830163
14.967629,3.332811,-2.503026
15.215156,2.421126,-2.17506
-15.335231,3.728469,-3.001591
13.939055,-2.823923,-1.974927
14.22421,-2.087476,-2.588387
14.511069,-3.628961,-2.132136
-11.733718,12.593844,-4.102071
-11.777728,13.285773,-3.381448
-10.811165,12.572037,-4.487325
-13.764241,1.069744,-9.938079
-12.929317,0.687633,-10.334177
-13.554621,1.480046,-9.050548
-0.004295,1.409333,-8.440986
-0.635214,1.425624,-9.216664
0.535579,2.251038,-8.432723
12.179408,10.076924,12.881577
12.438976,10.252407,11.931929
11.403987,10.658282,13.128044
1.147043,-3.3177,-13.165342
0.937092,-3.942288,-12.413138
0.308477,-3.107462,-13.667943
-7.483168,12.138275,-15.069544
-7.16239,12.673395,15.223103
-7.728625,12.754926,-14.321551
13.661068,-1.398716,13.660132
12.937758,-1.051524,14.257025
14.047837,-0.643404,13.131063
9.341627,-6.380249,4.864744
9.566827,-5.603508,5.452927
8.596067,-6.904644,5.276022
5.718611,-0.051595,-1.571484
6.579441,-1.017365,-1.658408
5.000674,-0.996442,-2.075163
2.853608,-5.955009,3.65472
3.441471,-6.372211,2.96164
2.005645,-5.641227,3.227521
12.018133,12.351341,15.255451
11.374535,12.984549,14.825534
12.953023,12.672326,15.103957
-2.223217,-2.279925,-4.663984
-2.458051,-2.508148,-5.608848
-3.060385,-2.19492,-4.123685
12.466764,-5.520613,-13.839069
13.00741,-6.339466,-14.031896
11.718849,-5.451901,-14.499297
14.207955,15.029222,-6.313542
14.740731,15.531523,-6.994603
13.622618,-15.407781,-5.81212
-13.590269,5.318569,7.214718
-14.062977,4.670177,7.811489
-12.930462,5.845064,7.750867
11.126838,-1.874639,5.307166
12.00398,-2.037689,4.855462
10.951241,-2.604693,5.967611
13.510576,-10.243269,11.873756
13.280142,-9.571315,11.169925
12.689919,-10.755536,12.126943
-10.949116,12.406474,14.153361
-11.526093,12.876699,14.821183
-10.40903,13.078979,13.647353
1.774455,-3.865616,-3.915731
1.846962,-4.418088,-4.746102
2.678344,-3.77053,-3.498666
6.838675,-14.572727,0.853332
6.757166,-14.918869,-0.081303
6.219821,-13.796957,0.976619
-4.183427,-13.563605,-1.840369
-5.181727,-13.613363,-1.870747
-3.799761,-14.476208,-1.981634
-14.061044,10.027305,-7.828013
-14.750064,9.509937,-8.335538
-14.063143,10.978142,-8.137698
-11.305606,6.186724,-9.834133
-10.730678,6.883634,-9.405445
-12.192304,6.156166,-9.372795
-11.653828,-11.939861,-6.357062
-10.916199,-12.283342,-6.938375
-12.293268,-12.682084,-6.156511
-6.131472,-9.065172,10.983097
-5.92257,-8.213808,10.501912
-6.238874,-9.805433,10.319411
6.250194,-7.949212,0.355336
6.874928,-8.50198,-0.196166
5.329914,-7.999143,-0.032726
5.791807,-5.972669,-7.585306
4.833365,-6.178992,-7.388276
5.884608,-5.002613,-7.809759
10.414741,4.188217,-1.119142
9.786335,3.907864,-0.393534
11.083789,4.833209,-0.749872
10.006152,1.068904,-10.290647
10.408489,1.011099,-9.376982
9.015734,1.182513,-10.212132
12.801076,-14.769719,-10.62759
13.067758,-14.598465,-9.679142
11.993898,-15.359753,-10.645522
-1.843248,-13.308371,-6.129465
-2.255535,-13.176203,-7.030881
-1.776536,-14.286743,-5.933663
14.20799,2.967849,-5.898462
14.655024,3.418127,-5.125538
14.815595,2.267541,-6.273143
0.062176,-6.003282,-13.65753
-0.457333,-5.294989,-13.179586
0.948837,-5.634912,-13.937057
3.791036,-4.208883,13.107815
4.456787,-3.764801,13.707454
3.445725,-5.037288,13.548842
6.716371,5.459585,-1.140223
6.883176,4.878586,-0.343594
5.828751,5.230547,-1.539813
13.062738,0.375451,-0.486468
13.745517,1.089584,-0.332109
13.229926,-0.386402,0.139334
10.994697,-10.29559,-0.218026
11.420765,-10.73993,0.570027
10.122879,-9.891201,0.058386
9.198576,-10.407022,2.032562
9.675769,-9.761638,1.4361
9.705159,-11.268626,2.064392
3.004094,2.650271,-4.03164
3.625885,2.223834,-4.688548
2.547601,3.429054,-4.461884
-13.862881,8.015024,-2.075809
-13.832724,7.320011,-2.794173
-13.157946,8.703095,-2.247932
-2.027542,14.965167,10.07355
-2.695713,14.265535,9.820445
-2.156014,15.217291,11.032679
-7.120656,9.103556,4.851893
-6.668416,8.50875,5.516487
-7.810018,8.580178,4.351038
8.737986,-1.692506,15.377863
8.576875,-2.415479,-15.024458
8.920604,-0.831341,-15.221898
-1.824586,2.68282,6.429892
-2.497165,3.398339,6.618758
-1.371989,2.417692,7.281281
11.264677,13.946396,3.186744
12.218359,13.747601,3.412513
11.140242,13.900456,2.19558
12.594046,7.227257,-3.911125
12.879225,6.268785,-3.909116
12.012172,7.403548,-3.117183
-3.329631,-3.832323,14.955825
-3.998471,-4.205374,-15.475296
-3.590613,-2.899557,14.707159
8.342843,1.576377,1.978106
8.832581,0.930311,2.56356
8.611661,2.510146,2.214355
-4.984674,14.889286,-2.319932
-4.159618,15.227659,-2.772465
-5.788091,15.142534,-2.858808
0.202118,-5.779174,-9.857264
0.129113,-4.896217,-9.393521
-0.043913,-6.510878,-9.221592
-6.521507,-13.925842,-8.588635
-5.977183,-13.798427,-7.759493
-5.912365,-14.019224,-9.376179
-12.378523,-6.269122,-12.089789
-13.263141,-6.722311,-12.199661
-12.473652,-5.501654,-11.455799
1.198612,-13.208,-4.282164
1.483795,-13.654818,-3.434211
1.983004,-13.128893,-4.897365
12.482125,-0.025777,-6.092607
13.241349,0.023863,-6.679346
11.997469,-1.021837,-6.518412
10.028111,-9.300397,6.40963
11.018429,-9.213658,6.301251
9.66723,-9.907463,5.70165
10.39131,7.299718,0.242817
10.810494,6.8804,1.048085
10.200838,8.263425,0.429871
-3.534903,8.891718,0.061938
-3.756651,8.163531,-0.586577
-2.889995,9.528899,-0.360074
6.773069,-4.154854,-5.511917
7.532322,-3.505491,-5.555087
6.216534,-4.072392,-6.338639
-4.078963,4.045972,-0.024224
-3.813351,4.79528,-0.084886
-4.23902,3.220132,-0.782954
-6.245222,-11.787473,10.116598
-5.914872,-10.867997,10.329746
-6.957503,-12.045393,10.769387
-2.892967,3.12097,2.903728
-2.035119,2.879389,3.357307
-3.662806,2.863484,3.487723
11.249619,-4.843421,-4.350402
11.991785,-4.173207,-4.351694
10.92598,-4.980556,-3.414212
-14.721858,13.307104,0.095751
-14.034313,13.518956,0.262959
-14.415317,12.526991,1.502905
-12.913359,-14.322927,6.190718
-13.441705,-13.700297,6.767937
-12.182554,-13.815185,5.734512
-13.319223,-8.963035,14.746161
-14.02519,-8.662606,14.104794
-13.574899,-9.849432,15.132075
10.704647,0.462472,-12.994335
10.028739,0.816979,-13.640457
11.236852,-0.261862,-13.432626
-2.509762,-9.947081,-14.645361
-1.968171,-9.761417,-15.465244
-1.916501,-10.318107,-13.930952
10.868498,7.318194,-8.154842
10.475073,8.077583,-8.673055
10.136899,6.708805,-7.849214
-5.782886,-11.43013,-13.473183
-5.008381,-11.133609,-14.031947
-6.210889,-10.633153,-13.046987
10.263565,7.854703,3.343261
11.090571,8.165285,2.874645
10.10804,8.418993,4.154056
9.485282,13.714845,1.008301
9.124267,13.646152,1.938328
8.72638,13.762434,0.358837
6.257466,11.685308,-10.554569
6.84727,12.298392,-11.080173
5.336123,11.69482,-10.943204
-15.233187,1.104878,11.110694
-14.742417,0.353525,11.551846
-14.628817,1.897813,11.033294
-0.600449,-9.940911,8.532292
-0.160634,-10.838197,8.570259
-1.500917,-10.028841,8.106351
-5.057787,-8.918243,7.640177
-5.625814,-9.740841,7.666234
-4.695309,-8.792601,6.716693
-10.993221,-1.794115,-7.905955
-11.543247,-2.470114,-7.415552
-11.586915,-1.244098,-8.493329
-5.801391,1.057378,-13.928415
-5.702177,0.642284,-14.832768
-5.308147,1.92695,-13.904867
-1.895443,5.193067,-9.51992
-1.352121,4.518717,-10.019974
-1.650818,6.112578,-9.827586
8.144891,7.002423,-10.089759
8.527748,6.913116,-9.170278
8.888188,7.054993,-10.756651
2.661243,-9.603585,9.914236
2.78508,-10.185423,10.718058
2.178613,-10.115355,9.20349
11.784547,9.039136,9.611242
12.368013,8.846013,10.400083
11.097719,8.318043,9.520181
-14.124152,10.999433,-0.915085
-13.525331,11.757678,-1.172919
-15.072453,11.237334,-1.12515
10.007756,12.11105,-9.748879
10.428705,12.850348,-10.274464
9.496642,12.49715,-8.980966
2.359871,11.834956,-8.520795
1.68478,12.549282,-8.336432
3.000904,11.776649,-7.7555
-14.153904,-3.80286,-11.912933
-14.039921,-2.880676,-11.543358
-13.940722,-4.474867,-11.203737
-7.626747,11.602925,-12.122132
-8.31989,11.27947,-11.477982
-7.008069,12.235498,-11.656203
-5.571278,-3.16818,-5.282693
-6.271855,-3.060607,-4.577271
-5.748645,-2.526816,-6.029147
-5.732646,14.345739,-9.26386
-5.056715,14.173491,-9.980412
-6.570611,14.704218,-9.67533
-6.498777,11.63968,-8.683926
-7.398006,12.053487,-8.825876
-6.495504,11.138067,-7.81884
-13.297646,-13.650947,-15.294199
-12.552524,-12.986268,-15.239481
-12.920135,-14.576833,-15.279361
-10.734433,9.511158,-8.510598
-10.252709,9.87102,-7.711572
-10.790649,8.514886,-8.445158
9.264742,10.997386,-13.139779
10.069603,11.531385,-13.398707
9.074442,11.131584,-12.167268
3.237159,-10.267815,-7.710861
3.198097,-10.449778,-6.728332
2.650176,-10.917615,-8.19378
1.8192,-3.584018,9.423886
2.377153,-2.755261,9.466899
1.219332,-3.540881,8.62495
-2.711078,12.661088,-13.011224
-2.501597,13.617812,-13.213208
-2.038977,12.07108,-13.45863
-12.096637,13.284619,3.410913
-12.103567,12.886787,4.328345
-11.194338,13.157062,2.999105
5.789595,0.284471,-12.101082
6.257589,-0.528144,-12.448411
5.034054,0.520688,-12.712113
-9.900505,3.499323,-8.962788
-9.000149,3.929796,-9.026444
-10.606676,4.167301,-9.197581
-3.281006,6.241106,1.323221
-2.640561,6.065339,2.070841
-2.801796,6.699262,0.574589
1.815147,-13.856489,1.087698
2.206934,-13.604918,0.202704
1.894301,-14.84474,1.218444
14.927315,-1.263438,-4.988212
15.041361,-0.793272,-4.113034
15.015075,-0.603954,-5.73479
-13.412821,3.810268,-6.9636
-12.820614,4.614757,-6.917897
-12.865841,3.006623,-7.198051
2.367131,-10.14982,6.069291
1.862354,-10.072599,6.929079
1.895913,-10.789906,5.462461
3.966559,12.471146,-12.998358
3.368864,12.960229,-13.633621
3.411387,12.011854,-12.304936
15.271671,2.97283,-10.443825
-14.953456,2.80278,-10.944068
14.841298,3.805973,-10.791174
-4.825469,9.250896,-9.041691
-4.007176,9.256297,-9.616467
-4.748846,9.965131,-8.345992
-5.27346,-11.793526,-5.940053
-5.867363,-11.470911,-6.677073
-5.714105,-11.624002,-5.058524
9.62767,-12.364558,15.032021
8.952792,-11.816371,14.538026
9.248493,-12.64467,-15.16022
-5.911037,10.764418,6.798542
-5.197448,10.681024,6.102958
-6.808907,10.676448,6.367161
2.721473,3.945918,-13.140112
3.373043,3.295363,-12.74994
2.5199,4.659064,-12.468702
-12.224083,9.413316,11.04112
-12.842,10.196456,11.110911
-12.109695,8.997554,11.943371
3.215979,14.182958,-6.406544
2.754562,13.620454,-5.72048
3.878335,13.623899,-6.905279
-5.711857,-7.875783,13.378961
-6.319337,-7.605037,14.125732
-6.244962,-8.32424,12.661545
9.556141,-9.30455,-3.83685
10.177419,-10.074201,-3.983993
8.815549,-9.341024,-4.507814
5.58517,-8.391196,10.127832
5.558313,-7.792272,9.327476
6.403902,-8.964,10.088173
1.058337,-1.363363,-7.581254
1.504573,-0.870439,-8.32818
1.752972,-1.782592,-6.996677
14.325325,10.542273,-9.8887
14.612829,11.178272,-10.604832
14.188297,9.634287,-10.284662
11.758425,13.235911,-5.383075
11.585081,12.758431,-4.521701
11.000799,13.859111,-5.577042
3.082024,-13.911382,-12.442
3.524027,-13.60171,-11.600135
3.37702,-14.844024,-12.649741
13.235473,2.40764,-8.700873
13.420212,2.788651,-9.606799
13.950878,2.697532,-8.065139
-11.378221,-2.810512,-0.046613
-11.736046,-2.550434,0.043071
-11.982607,-2.458716,-1.180942
-8.988276,4.975066,-4.145075
-9.642718,5.622859,-3.755115
-9.448852,4.107129,-4.330966
-14.514414,12.122075,-15.30271
-14.302623,11.282945,-14.801705
-14.082336,12.900363,-14.847103
-11.498222,-7.56857,12.358289
-11.985594,-8.225456,12.933587
-10.521553,-7.599696,12.570773
13.235904,-9.883966,-3.807892
13.372531,-9.34627,-4.639887
12.397428,-9.58541,-3.352015
10.160344,-8.438382,-14.901152
9.710736,-7.842131,15.507913
10.766705,-9.073658,-15.379431
-2.449315,-1.70273,5.213623
-2.770684,-1.425998,4.308007
-1.709525,-1.096036,5.50454
15.295064,10.85425,3.766678
-15.300613,10.607769,2.923879
-15.469854,11.754012,4.074579
12.260692,14.081044,5.808709
12.76222,13.650985,6.559388
11.800041,14.903102,6.143406
4.502565,0.343769,6.435176
5.267002,0.300438,7.078417
4.754842,0.917325,5.655824
-5.321435,-0.557222,-3.602788
-6.086073,-0.950441,-4.113384
-4.877862,-1.272809,-3.063178
-15.525248,15.32523,-3.861824
-15.061825,14.508586,-3.517829
-14.861065,-15.155234,-4.316134
0.367602,11.132782,-12.122902
-0.319586,11.697401,-12.580043
0.703232,10.436897,-12.7578
3.35398,-8.729705,-12.606239
4.151145,-8.978099,-12.05594
3.656588,-8.28927,-13.451488
7.494838,5.992048,-13.611338
8.21431,5.35078,-13.344625
6.886634,5.554096,-14.273369
4.55052,5.887908,-14.756088
4.284587,6.032834,15.365027
3.731835,5.747684,-14.199229
-10.408662,2.950425,-12.598836
-9.450515,2.71012,-12.754426
-10.996634,2.225684,-12.958058
-8.750125,-10.911306,-13.852346
-9.031561,-11.446483,-14.648826
-9.546317,-10.446801,-13.464643
-8.184878,14.912955,-6.944686
-7.575775,15.494819,-7.4836
-8.225048,14.001977,-7.355178
-4.28511,14.555526,-11.597576
-3.596646,15.268799,-11.466205
-3.952306,13.890053,-12.265699
-7.15585,-15.064323,6.185845
-7.913421,-15.169133,6.830129
-7.248906,15.339125,5.449979
-9.645108,-7.646344,-3.736234
-10.286489,-8.40454,-3.853571
-8.837304,-7.966655,-3.241407
12.647295,-10.91919,-9.595454
11.809211,-11.369107,-9.903983
13.259098,-11.597289,-9.188172
-1.671298,-9.307898,13.786469
-2.237643,-9.871587,14.387724
-0.846384,-9.813973,13.534668
0.652342,2.987018,3.424622
0.435669,3.787653,3.983224
1.006501,3.285017,2.538187
6.433626,-4.772754,5.713967
5.976639,-3.949763,5.376551
5.776503,-5.525358,5.756121
-4.83452,12.091347,2.659342
-5.412145,11.882192,1.870289
-4.071453,11.445969,2.694232
-15.145605,-11.973331,4.983596
15.076493,-11.864018,5.495511
-14.489894,-11.276887,5.275159
-12.98544,-1.036977,1.53121
-12.179893,-1.552871,1.239755
-12.903751,-0.089186,1.222958
9.851094,1.854466,-5.175076
9.529852,2.521245,-4.50261
10.829776,1.985552,-5.333188
-8.05532,-13.016466,7.710274
-8.478203,-12.239238,8.1762
-7.672388,-12.713763,6.837501
15.158406,-9.147099,-10.341812
14.850871,-9.648773,-9.533268
-15.154715,-8.548038,-10.092892
-12.95938,-8.78834,-11.145864
-13.841835,-8.323113,-11.076313
-12.771201,-9.275354,-10.292983
3.131817,-12.974839,15.174289
2.538646,-13.303536,-15.164941
3.624167,-13.747082,14.772751
0.473308,2.53562,-2.986811
-0.267791,2.076735,-3.476909
0.095283,3.268924,-2.421689
2.961953,-1.662515,2.783102
3.349085,-1.888345,3.677042
3.495465,-0.927334,2.364923
-4.214425,-13.978514,-14.641824
-4.320733,-13.041235,-14.309852
-4.586353,-14.615477,-13.966586
-7.880687,-9.14962,-7.854046
-8.464505,-8.580895,-7.274643
-7.443723,-9.85532,-7.296328
-5.258297,-14.032083,11.692528
-4.655012,-14.681233,12.155833
-4.715791,-13.439184,11.097416
13.536656,8.24158,-8.227959
14.072078,8.956539,-7.77834
13.333455,8.51822,-9.167203
-14.759142,12.287386,-3.558304
-14.402658,12.874692,-4.284933
-15.058333,12.852605,-2.78953
-5.159636,6.224526,-2.20696
-4.177554,6.093376,-2.342291
-5.662032,5.51749,-2.704653
6.249626,-9.942026,6.927033
6.933656,-9.221423,6.813742
5.538399,-9.630382,7.557138
5.373372,14.959951,-12.883502
4.628269,-15.483803,-12.665737
5.55146,14.369724,-12.096155
4.912889,-7.15728,-14.786896
4.422835,-8.015965,-14.636869
4.324833,-6.389216,-14.533387
14.994684,-12.760228,14.748711
14.67211,-13.68332,14.958108
14.945628,-12.605849,13.761918
8.258882,-2.504068,11.928163
7.801633,-2.886669,12.730994
7.633836,-1.885812,11.451637
-11.171983,4.891343,-0.497428
-10.636121,4.055874,-0.375595
-10.626476,5.681093,-0.216863
-12.400982,14.789567,7.98943
-12.980044,15.531224,8.328003
-12.976075,14.061039,7.617253
-6.537023,-6.414841,-12.420735
-5.550639,-6.403291,-12.584783
-6.751714,-7.103649,-11.728311
-3.256391,-5.453223,12.735942
-4.186403,-5.237063,13.033181
-2.654217,-5.500302,13.532918
13.863465,4.840847,14.991076
14.250923,5.436134,14.287152
14.418814,4.900327,-15.253586
-0.004792,-12.551658,11.78236
0.020707,-13.346795,11.179825
-1.009263,-12.376338,11.994689
-13.63531,-2.388761,12.511093
-14.451391,-2.842498,12.153133
-13.142557,-1.948348,11.760606
-5.339646,1.39093,-1.503255
-5.119443,2.355924,-1.645717
-5.656959,0.990992,-2.363117
-14.687973,-0.008337,14.495704
-14.818134,0.936581,14.796018
-13.923557,-0.041483,14.996136
-9.235568,8.082239,-13.068619
-8.917854,7.848747,-12.149631
-9.455004,9.05708,-13.107769
-4.708858,11.559886,-3.53827
-4.42137,10.85039,-2.894868
-5.430766,12.113565,-3.123195
4.480573,6.242277,-5.698982
4.511188,7.125744,-6.166472
5.298611,5.715031,-5.92882
5.224684,-7.625967,13.477924
4.868024,-6.953861,14.126821
5.506814,-8.448664,13.971455
-1.038885,-3.379236,7.04744
-0.417082,-4.041223,6.628949
-0.919281,-3.39098,8.040192
-6.76391,9.199786,-1.712372
-6.374824,10.091642,-1.481708
-7.616965,9.328975,-2.217949
10.468412,-4.900278,-1.658152
11.070052,-4.46694,-2.329157
11.020784,-5.334811,-0.946768
8.812228,-14.443418,-1.006643
8.261946,-15.019186,-0.401927
9.157553,-14.993303,-1.767154
-9.984918,-0.177363,-12.699427
-9.5289,-1.027905,-12.961391
-9.692868,0.008811,-11.780607
-1.857472,-4.449392,-8.288934
-2.37263,-3.751673,-7.791139
-2.05331,-5.349449,-7.899645
-10.957621,-13.463811,-0.592218
-10.238654,-13.760682,0.036236
-10.614087,-13.496002,-1.530806
-12.918881,-8.749131,-7.004592
-13.481481,-8.80576,-6.179805
-13.487787,-8.468059,-7.777473
-4.839004,-9.422251,-8.683705
-4.097243,-10.015599,-8.371089
-4.496089,-8.804796,-9.39163
-3.459714,-1.670521,8.024083
-3.649932,-2.157105,8.876757
-4.14328,-1.920178,7.338219
6.809507,-6.551697,-4.080528
7.539394,-7.224252,-4.202737
6.781551,-6.260187,-3.124369
-2.248323,15.251689,-15.406888
-2.854821,15.006994,14.910767
-1.576604,14.523761,-15.269363
-14.299624,-14.402956,-12.440345
-14.705334,-13.704538,-13.029931
-14.989746,-14.74084,-11.800372
2.776067,5.548933,-10.427915
2.778706,6.074406,-9.577109
3.612045,5.742083,-10.941563
8.930828,-7.060429,9.609974
8.784951,-7.737476,8.888636
9.890403,-6.779003,9.613848
11.643603,4.203443,-10.110248
12.351031,4.082444,-9.413896
10.972475,4.872452,-9.790852
-6.276674,2.356672,-11.581516
-6.16142,1.407806,-11.28763
-5.379248,2.765956,-11.746173
-11.423132,7.118727,9.766875
-10.785847,7.47227,9.08213
-10.915374,6.838507,10.581528
-14.134587,-14.112038,9.529885
-14.816933,-13.755125,8.891906
-14.572857,-14.321251,10.404042
5.323749,-15.505943,7.861072
5.832445,14.763903,7.553952
4.728058,-15.186827,7.123971
15.290391,-3.384747,6.322867
14.528298,-4.008102,6.497917
15.028757,-2.729065,5.614609
13.124203,-3.957794,14.6708
13.49657,-4.584047,15.355745
13.386692,-3.020171,14.89875
-9.509822,12.370039,2.852445
-9.505529,12.059702,1.901828
-10.33189,12.913629,3.021901
-3.269812,-7.238115,-15.279523
-3.540993,-6.318991,-14.993739
-3.939421,-7.901912,-14.94636
14.840583,10.327615,0.690317
15.2094,11.064382,0.123616
14.902563,9.462008,0.193444
5.82053,-1.405671,1.034037
6.481087,-0.722653,0.722346
5.854052,-2.201808,0.042985
-7.241833,-9.78348,1.140369
-8.008371,-9.766753,1.78235
-7.42225,-9.148493,0.389208
0.733275,-8.755147,-8.232208
1.586856,-8.461472,-7.801913
0.090146,-7.989684,-8.253467
14.124995,12.568143,10.841117
14.891602,12.863912,11.41106
14.443927,11.889525,10.179483
-3.635141,-11.096809,5.259551
-4.037737,-10.652318,4.459336
-4.293307,-11.087527,6.012366
-5.684719,8.688032,9.443352
-4.863375,9.029327,8.986283
-6.3803,8.469009,8.759103
11.099855,-0.607732,14.333781
11.922586,-0.111772,14.611517
10.39283,0.045197,14.062123
0.035349,-4.958425,-2.127076
-0.568576,-4.723877,-1.365327
0.481221,-5.834079,-1.941526
-13.44729,4.294308,-12.897363
-13.090138,5.132407,-12.485011
-14.127796,4.528249,-13.591757
12.204303,-15.319909,-4.384348
11.237122,-15.451428,-4.166945
12.592538,14.89271,-4.711516
-6.756329,15.233362,-4.567839
-6.016475,14.955634,-5.180606
-7.459378,-15.359149,-5.091048
15.219371,8.653682,-14.710359
15.243485,8.092581,15.536394
-15.159378,9.369591,-14.772741
-0.747568,-0.741636,-1.145001
0.082933,-1.093246,-0.712985
-1.220761,-0.013107,-0.509944
5.11128,14.282956,-9.29378
4.848822,14.398147,-8.335736
4.340643,14.527609,-9.882222
6.702481,0.044931,4.188872
6.79651,-0.547217,4.989196
5.783387,0.438593,4.171647
-10.37916,-7.264316,8.058272
-10.285226,-7.976482,8.75397
-10.414261,-6.368374,8.501054
1.191581,-2.774575,12.941651
0.980637,-3.641104,12.48929
0.389132,-2.458943,13.448061
3.794479,-1.740804,-5.336917
4.329597,-1.977483,-4.525971
3.395923,-0.831212,-5.219471
8.914983,5.01161,1.631993
8.356087,4.389864,2.180688
9.133479,5.825889,2.169775
-6.883659,12.628292,13.402848
-7.473824,12.573823,12.597404
-6.270952,13.413662,13.314619
7.592958,-5.885108,-12.490887
7.105881,-6.167365,-11.664396
7.392391,-4.924729,-12.684394
9.47236,3.115014,15.207635
10.156543,3.139489,-15.137615
8.736155,2.488058,15.462444
-2.509789,13.173647,-2.083837
-2.010405,13.937642,-2.492404
-1.860988,12.476937,-1.777814
0.940022,7.975529,-0.381374
0.671092,7.733201,-1.313551
0.333286,8.690866,-0.034727
14.603037,3.360586,9.893179
14.327813,4.008665,9.183077
13.790926,2.917861,10.273272
1.083202,-1.47871,-11.045997
0.933614,-2.104315,-10.280333
1.050032,-1.989434,-11.905102
5.386709,-13.029414,13.221041
5.218196,-13.570882,14.044701
4.679596,-13.226684,12.542015
-9.446824,7.043328,13.175057
-8.768215,7.129896,12.445676
-9.104634,7.487424,14.003117
13.005612,-7.919613,-6.033614
13.638157,-8.420448,-5.442809
13.418564,-7.049358,-6.302178
-1.225748,12.318187,13.473066
-1.141327,12.738932,14.376308
-1.409874,13.026306,12.791403
9.468203,14.726166,6.627453
10.029303,13.956607,6.932322
9.551396,15.478734,7.280692
-1.169131,10.868507,0.780558
-1.795806,10.472032,0.109674
-0.311029,10.355028,0.779282
1.286229,12.674011,12.14099
1.826231,11.977288,12.613192
0.583161,13.026196,12.758777
-9.078008,0.012894,9.513451
-9.680934,-0.649704,9.687213
-9.613883,0.890704,9.149371
-11.406073,-1.234435,5.302021
-10.726984,-0.502401,5.356469
-11.104313,-2.010847,5.855306
1.807252,0.934285,-0.583294
0.934961,1.310946,-0.271469
2.29276,0.531415,0.192578
-0.866971,12.689427,-10.219058
-1.731223,13.115408,-9.95146
-1.000796,12.162838,-11.058579
0.633739,-9.30557,11.772783
0.958092,-8.570397,11.177539
0.033448,-9.914207,11.253927
-3.380527,3.424277,-7.326453
-3.97239,3.932269,-7.952267
-3.942971,2.921297,-6.670199
-11.055081,-6.264039,15.162018
-10.294109,-6.886178,14.977992
-11.358809,-5.846477,14.305636
-8.228881,11.111418,8.293401
-7.786664,10.571105,9.009295
-7.533905,11.475841,7.673558
-11.641969,14.241953,11.886067
-11.243406,13.694609,11.150158
-12.118653,13.641086,12.527731
-3.263985,13.510324,-7.786533
-3.806809,12.914888,-7.194251
-3.264337,13.144623,-8.717265
-3.755733,-1.941963,-14.028122
-3.101264,-1.224885,-14.26785
-4.367161,-1.608791,-13.31038
0.273289,8.912953,-6.825781
-0.162927,9.351154,-6.039845
1.018385,8.32599,-6.509068
12.397655,-2.215146,-11.482655
13.046297,-2.578184,-12.151584
11.815438,-2.955676,-11.147037
5.977707,-11.939818,-2.6238
6.356955,-12.66356,-3.200314
5.884129,-11.101046,-3.160181
12.689715,11.511759,-7.71579
11.902515,10.896605,-7.67218
13.283908,11.239564,-8.472655
-11.433221,-13.45447,8.90583
-10.594206,-13.737412,8.441075
-12.18662,-13.431099,8.248683
13.416515,4.47381,-12.772042
13.033231,3.708544,-13.28921
13.797083,5.147132,-13.405923
7.95245,3.693668,10.788028
7.927472,4.602184,10.370926
8.854963,3.286797,10.646869
7.740433,10.687298,12.277988
8.63953,10.323148,12.035047
7.370103,10.172448,13.051154
13.972645,-3.696975,-7.319235
13.380136,-3.187823,-6.694977
14.928429,-3.555327,-7.061527
7.045368,2.80575,-11.035065
6.688481,1.938135,-10.688835
7.963898,2.664704,-11.404401
-14.675509,12.925774,-8.887562
-15.083772,12.595384,-9.73854
-14.218827,13.799647,-9.054254
4.378082,-6.887805,7.508854
4.328816,-5.922138,7.253784
5.071926,-7.010122,8.218516
-1.959876,7.040555,-4.74173
-2.534001,7.514671,-4.074202
-1.069921,6.83914,-4.33257
3.876477,10.408203,14.013141
4.236136,9.477453,14.079112
4.413459,10.926645,13.347657
13.271235,1.062902,-3.708197
13.05954,1.939243,-4.140877
12.420435,0.597596,-3.464005
5.955727,11.941871,-3.457235
6.688259,11.397068,-3.865386
5.695383,12.674635,-4.085947
-1.376303,-8.108568,-5.900061
-1.383331,-8.797659,-6.624701
-1.825276,-8.47655,-5.085805
15.051285,-5.777808,4.840442
14.624845,-5.522478,5.708172
14.362879,-5.768192,4.11518
-7.56673,-15.090498,13.324335
-6.971177,-14.442516,13.799136
-7.009164,15.348275,12.790091
4.384605,-4.185434,1.247752
4.385415,-4.865457,1.980942
3.723797,-4.45239,0.546277
14.006035,8.430821,7.796927
13.210039,8.493048,8.399022
14.836574,8.357018,8.348975
-1.723826,8.13732,-10.449252
-1.499402,8.957717,-9.923342
-1.081584,7.406723,-10.217405
6.065062,-13.002033,9.136278
6.761395,-13.110591,9.845739
5.973553,-13.856851,8.625482
-7.520776,6.615603,-6.305946
-7.954604,5.976292,-5.671065
-6.714443,7.019182,-5.873566
0.219297,-10.083959,1.886736
0.615423,-10.87754,1.424877
-0.734855,-10.274548,2.117536
-0.213931,2.36903,11.048895
-0.353818,1.75451,11.825295
-0.994029,2.989734,10.970322
-7.883541,2.462704,11.573878
-8.054504,3.414899,11.827049
-7.535036,1.964188,12.367619
-10.77337,13.498974,-6.776888
-10.206263,13.155891,-6.028098
-11.083981,12.731898,-7.338239
5.147952,7.378401,7.307232
5.211493,6.559197,6.737262
4.281007,7.371298,7.805584
-15.253717,4.898901,-0.184919
15.095299,4.3355,-0.580847
-15.213672,4.74515,0.802379
2.950641,10.000019,9.242989
2.112956,9.472942,9.099901
3.651934,9.692417,8.599894
5.019118,-1.001554,15.488499
4.677532,-0.030308,14.859649
4.665058,-0.825041,-14.667236
-3.610656,7.501312,11.273643
-4.06888,6.632337,11.460495
-2.620065,7.372421,11.319644
-4.049661,15.380048,8.234156
-4.661073,14.741164,8.701062
-4.340679,15.485327,7.283249
4.298931,2.631387,-11.228935
5.033945,2.418382,-11.872661
4.224082,3.623126,-11.124773
-7.645895,-2.499231,-0.457399
-7.239056,-2.548677,-1.369559
-8.496186,-1.974619,-0.049967
-5.857048,9.480378,1.416292
-5.036002,9.771025,1.907625
-6.501592,9.067029,2.059491
8.808468,-2.450412,-1.938312
9.591782,-2.373125,-1.321509
7.964588,-2.483826,-1.402821
-4.339528,0.726234,1.03918
-4.651217,1.301395,1.795513
-5.129935,0.401111,0.519995
9.486446,-13.859708,-13.688244
9.379571,-14.432428,-14.500998
8.661297,-13.310302,-13.556782
0.151798,4.241682,-15.092318
-0.507818,4.992697,-15.122018
0.937801,4.510231,-14.535469
-9.051417,2.763875,1.37326
-9.675557,2.608306,0.607591
-9.491137,3.358729,2.046161
8.112465,9.82444,-0.035597
8.388419,9.903126,-0.993542
8.567881,10.534198,0.050184
-6.932943,5.87372,12.918149
-7.363224,6.594696,12.374962
-6.742863,5.084697,12.333929
7.233659,-14.993785,5.847067
7.347841,15.38691,5.135673
6.587439,-14.297976,5.533618
-1.092898,1.58042,1.53026
-0.985172,2.572822,1.470818
-1.064291,1.186425,0.611593
14.998774,-10.853383,2.641057
15.385138,-9.933044,2.580233
14.489385,-10.945155,3.496686
-3.932352,5.001631,-12.474765
-4.904858,4.79959,-12.590575
-3.822227,5.739745,-11.809137
1.287646,-10.459338,14.788924
1.570558,-11.41761,14.747995
1.233009,-10.168439,-15.330033
12.608074,-12.395124,-4.904541
12.855735,-11.619189,-5.484704
13.356767,-13.057997,-4.896976
-11.320894,0.074521,7.704409
-10.845524,0.666587,7.053655
-11.34372,0.515855,8.601462
10.642631,-7.637988,13.45828
10.120329,-7.077137,12.815904
10.127191,-7.737445,14.309415
5.157598,9.629471,-9.166944
5.835966,9.729361,-9.894844
5.555447,9.112158,-8.409248
-4.030326,-11.470307,14.280859
-4.836972,-11.880377,13.855224
-3.707573,-12.060441,15.020841
5.876364,-9.922097,-7.031058
6.382785,-9.169743,-6.609749
6.492065,-10.695722,-7.180776
-14.181167,-12.568981,-5.314514
-13.183538,-12.637722,-5.311265
-14.571843,-13.368406,-4.858122
1.321415,5.086505,-3.616072
0.548705,4.502238,-3.367977
1.686043,4.79872,-4.501637
14.123457,15.11678,3.700548
14.844455,15.14823,3.008325
14.333817,14.403151,4.368741
-14.314714,-13.267722,-0.612974
-14.275631,-13.477363,0.364023
-15.255198,-13.367334,-0.937887
-7.062545,-11.220124,5.772096
-6.504406,-10.532395,6.236326
-6.604043,-12.107648,5.817665
12.390503,11.121415,6.033037
11.779976,11.270798,5.255256
12.217715,10.217174,6.423541
-13.989711,7.210076,11.909165
-14.429041,6.318466,12.018798
-13.200569,7.270229,12.520424
14.06607,-11.676473,7.128738
15.001787,-11.453566,7.402137
14.065761,-12.528604,6.605409
5.566886,13.60381,10.016674
5.450445,12.610618,10.019902
5.226872,13.98207,10.877668
2.989213,-10.434835,-1.026502
3.358871,-11.248063,-0.577042
2.955518,-9.678932,-0.372686
-11.270518,-1.118617,-5.266376
-11.959648,-1.84057,-5.204055
-10.752747,-1.077401,-4.41185
-9.949277,2.919532,-1.890207
-9.134341,3.479846,-2.038289
-10.28422,3.058123,-0.958216
12.702909,-6.308277,0.150731
13.165205,-6.375307,1.03492
13.35007,-5.986057,-0.540179
-2.945594,10.625935,7.582143
-2.427127,9.943481,8.097361
-3.858467,10.269951,7.382302
4.245595,4.933064,8.398759
4.687991,5.559177,9.04084
4.031265,4.074505,8.864525
7.534428,4.595984,4.096021
7.807766,4.855124,3.169666
8.23501,4.891913,4.745336
-2.162206,-11.694194,-2.315384
-2.760663,-11.069617,-1.813636
-2.585771,-11.931376,-3.189648
7.695531,0.222082,-7.05864
8.282815,0.857746,-6.557611
6.901957,0.713607,-7.417311
0.949009,-6.644557,12.471453
0.114881,-6.237887,12.844077
1.100028,-7.539369,12.891579
-12.502529,10.644332,-10.561575
-11.92383,10.887144,-9.783019
-12.217383,9.757436,-10.925041
0.301688,-7.968419,-11.63413
0.743862,-8.736254,-12.097716
-0.004499,-8.258143,-10.727317
3.459829,0.792853,3.951588
4.222089,0.014808,4.008401
3.233937,1.123488,4.867914
11.416175,15.5363,0.401455
12.012197,14.875154,-0.054225
11.381943,-14.694717,-0.135159
11.739074,-10.648821,14.303558
11.538622,-9.886276,13.688461
12.399632,-10.354989,14.994445
-10.314714,-15.223131,-11.49876
-10.818968,-14.547227,-12.036237
-9.8229,-14.762033,-10.760175
-0.818396,9.671409,11.076344
-1.60391,10.150173,10.68423
-0.060371,10.313358,11.191659
2.538133,14.671334,-2.527564
3.289584,14.200588,-2.065266
2.172452,15.383797,-1.92867
2.760155,-13.232106,-6.656816
2.875927,-14.210636,-6.827333
3.278169,-12.711873,-7.3358
5.3076,2.752544,-2.189786
5.657745,2.165195,-1.460115
5.540006,2.35553,-3.077686
0.381728,4.391113,6.330161
0.522057,3.511369,6.784429
1.181884,4.972912,6.475969
7.16682,-4.9308,9.109784
6.516985,-4.263775,9.474191
6.667397,-5.672023,8.66127
-0.041262,-13.491196,-13.390086
-0.777681,-13.246661,-14.02087
0.695057,-13.940913,-13.895643
-12.828359,-7.542807,9.678376
-13.626265,-7.340699,9.110487
-13.093373,-8.16251,10.417116
7.729797,0.158642,10.453057
6.856833,0.608622,10.264771
8.271853,0.072809,11.071041
15.09462,-9.255158,6.048056
-15.156386,-9.810155,5.928
15.355593,-8.313613,6.261093
-6.262775,2.389524,-4.302495
-6.086688,1.989182,-5.201784
-7.243569,2.358237,-4.109973
-2.243619,-10.085764,-7.559638
-3.030278,-10.578327,-7.187416
-1.412863,-10.621402,-7.408188
11.902753,13.273923,9.23205
10.925367,13.470308,9.153628
12.414336,14.13279,9.257137
-6.909705,-13.861864,-12.921437
-6.050088,-13.352224,-12.957845
-7.672966,-13.222056,-12.831558
-7.157936,3.250267,4.631661
-7.278534,3.756451,5.485613
-7.069367,2.27459,4.832187
-11.390341,-7.803151,-1.412284
-12.249618,-8.03706,-0.957388
-11.541252,-7.035796,-2.035495
8.615628,9.83078,-10.694255
7.783148,9.620419,-10.181688
9.0784,8.97969,-10.942225
1.190681,-12.652387,8.45317
1.448255,-11.923773,9.087818
0.246505,-12.930242,8.630167
10.2452,-7.982647,-12.204255
9.52344,-7.574809,-11.64503
10.695216,-7.268435,-12.740339
-13.308016,2.413382,9.604598
-13.260058,1.416766,9.671359
-14.099054,2.672642,9.050483
-11.558252,-10.248129,-13.184234
-12.391662,-10.164439,-12.637952
-10.880107,-9.588143,-12.86091
-8.798669,-11.72376,-8.120055
-8.970437,-11.785697,-9.103244
-8.103609,-11.02609,-7.946424
-11.040458,-11.347995,12.301959
-11.733579,-11.984989,12.639334
-10.65652,-11.695577,11.446518
14.34106,-1.998179,0.757685
13.656469,-1.794966,0.057658
14.9077,-1.189274,0.914503
-6.883179,-14.910325,9.644519
-6.66683,-15.342435,10.520004
-6.421009,-15.402348,8.906744
3.743115,-5.788978,-3.914039
4.252748,-4.944938,-3.747095
2.947428,-5.59027,-4.486225
3.679388,-8.72146,4.13858
2.996615,-8.314023,3.532102
3.64232,-9.717726,4.060599
-14.804201,-14.298329,-7.426833
-14.465946,-14.635136,-6.548115
-14.083898,-14.381867,-8.115444
-8.840643,-12.356176,1.839544
-9.76514,-11.990066,1.733393
-8.443592,-12.016725,2.69226
-12.471186,-6.768025,-9.023459
-13.466473,-6.758356,-9.119946
-12.184465,-6.000846,-8.449675
-6.587186,-3.90914,1.670545
-7.230625,-3.443078,2.277812
-5.995868,-4.509504,2.208974
13.43975,13.030077,-2.915724
13.748429,13.707056,-2.247579
12.690426,12.494722,-2.525971
-6.079925,-4.873842,13.322851
-6.867778,-4.637052,12.754328
-5.547871,-5.59119,12.873039
6.505761,-14.242597,-7.51743
6.648691,-13.65793,-6.718847
5.994257,-15.05798,-7.246296
-9.006601,5.836982,0.840008
-8.852029,6.508796,0.115595
-8.54002,4.983444,0.608116
-14.112645,3.927017,2.263959
-13.624294,3.062408,2.382128
-13.512549,4.686001,2.5166
-13.835236,13.602021,-13.106942
-13.218219,13.475112,-12.330292
-14.757086,13.796814,-12.771906
-1.513013,-13.955918,0.771825
-0.959209,-13.385925,0.164858
-2.242448,-14.392628,0.245317
-14.245314,-0.964844,6.499242
-15.214105,-1.156328,6.65665
-14.064341,-0.948124,5.515896
-13.008393,15.485035,0.744676
-13.18246,14.859992,-0.016259
-13.656263,15.299337,1.483445
3.672568,-0.446649,-8.576102
3.702174,0.395632,-8.037876
3.029839,-1.087765,-8.156735
9.980441,-3.834724,3.749566
10.825799,-3.88457,3.217697
9.36321,-3.167465,3.332681
-15.329245,-5.161665,15.181473
15.126984,-4.862861,-15.165429
15.245863,-5.741302,14.537285
-4.939514,-7.927784,-1.36376
-4.43279,-8.343788,-2.118857
-4.332482,-7.323128,-0.848103
-10.079997,14.994229,14.22525
-10.931065,15.188505,13.737458
-9.305318,15.112499,13.604055
-13.680738,6.578219,-7.176744
-13.759035,6.037171,-8.014083
-13.833985,7.54354,-7.388095
1.139207,6.896031,5.266753
1.484345,6.003009,4.977979
1.645026,7.617623,4.794045
-6.654479,-13.287782,-3.381657
-6.695792,-14.094389,-2.792015
-6.884154,-12.473305,-2.848857
8.225466,-2.489053,5.308093
8.819333,-1.867699,4.796975
8.727869,-2.86529,6.086577
-0.213673,-8.405748,-14.885265
-1.164603,-8.32703,-14.586038
-0.173951,-8.932455,15.339767
-12.296205,1.540183,13.147021
-11.302513,1.4617,13.066924
-12.579562,2.463614,12.88821
6.55596,6.091689,11.434176
6.394848,6.650467,10.620658
6.909643,6.668822,12.170263
-6.69884,0.737345,13.318362
-6.314086,0.057714,12.693808
-7.123882,1.472478,12.790236
11.531507,10.032112,-3.145432
11.545072,10.338304,-4.097305
11.997353,9.150274,-3.072291
11.01352,2.728886,7.357361
11.605815,2.851532,6.561029
11.575465,2.628416,8.178412
-11.751107,6.925363,14.643543
-11.62517,7.623723,13.938963
-12.351082,6.205056,14.295422
8.096614,13.481928,8.90936
7.84177,13.149327,9.817342
7.727392,12.866335,8.213141
2.942563,7.898969,15.253536
2.220367,7.703266,-15.157188
3.018656,8.887836,15.125662
-5.932352,-4.521815,-1.241212
-5.859837,-5.367435,-1.770049
-5.118884,-4.415494,-0.669402
3.259638,-1.647586,10.980332
4.155721,-2.066053,10.832276
2.600665,-2.033806,10.334895
-9.862726,-4.425557,12.925654
-9.285979,-3.637016,13.139116
-9.608252,-5.193498,13.513454
10.841354,6.354614,10.296374
10.810264,6.616858,9.331873
11.289197,7.076582,10.82382
-6.356549,13.946008,-13.254411
-7.235793,13.954013,-13.730715
-6.510384,14.023337,-12.269345
-14.16805,8.091245,3.911517
-13.562455,7.311214,4.069016
-13.689368,8.780329,3.367433
-5.75532,-13.579506,3.854355
-6.736107,-13.661698,3.677433
-5.600381,-12.884577,4.556543
-11.145041,-4.402274,-9.106061
-11.229917,-5.376632,-9.314442
-11.961739,-4.093278,-8.618695
15.174527,-12.139959,10.715772
-15.061542,-11.636626,10.926192
14.584137,-12.156483,11.522721
2.451105,-1.314461,7.023514
2.573937,-2.305466,7.07664
3.153009,-0.861649,7.573326
-3.576588,-2.182112,-2.328897
-4.247394,-2.245097,-3.06785
-2.80061,-2.779504,-2.531333
-9.153614,-11.55134,10.220294
-9.442834,-11.157891,11.092962
-8.37835,-11.031811,9.861051
7.758076,-8.156466,12.067541
8.384629,-7.415413,12.308936
7.646087,-8.188031,11.074333
-4.915369,-5.669726,-6.513209
-5.726071,-5.088424,-6.582842
-4.431734,-5.466639,-5.661826
-7.636345,-11.210593,-1.330715
-7.148005,-10.412381,-1.683394
-8.131278,-10.958023,-0.004993
10.040332,15.192911,10.786538
10.702184,15.322859,11.524824
9.420982,14.443974,11.022122
-13.786384,-1.866574,-3.778083
-13.601634,-2.804187,-4.072616
-12.983622,-1.500854,-3.307103
5.172749,-2.327129,6.090573
5.72017,-2.06023,6.883728
5.77629,-2.502233,5.312706
-11.687742,-8.35543,3.428766
-11.091259,-7.573443,3.609611
-11.149224,-9.102159,3.038389
2.507929,-3.958068,-10.591031
2.056939,-4.623855,-11.185452
2.643299,-3.102704,-11.09106
1.157244,-7.957842,4.95485
1.929981,-8.37133,5.436416
1.089979,-6.990916,5.200875
-13.59302,2.756192,-1.579437
-14.218057,2.062232,-1.222019
-13.425161,3.447353,-0.876499
0.877098,7.20948,-8.873397
0.192524,6.710979,-8.341556
0.504353,7.427779,-9.775288
15.156035,-8.785001,9.717374
14.178442,-8.712816,9.519636
-15.509191,-9.481071,9.127231
-8.846389,9.680063,-15.518953
-9.634992,9.26364,-15.066519
-8.770991,10.638114,-15.242449
7.911094,-11.35933,-11.460402
8.811693,-11.678525,-11.755421
7.346238,-11.167114,-12.262893
6.454994,10.605774,8.85868
5.966269,9.919661,8.319795
6.842039,11.296034,8.24734
-13.063023,13.59944,-1.519048
-13.283294,13.091762,-2.351961
-12.125466,13.391607,-1.240137
1.601725,13.614937,0.066567
2.359447,14.062285,0.190553
1.215723,14.242136,1.342149
9.73045,9.698087,14.217616
10.424003,10.315457,14.588883
10.172698,8.873399,13.865044
1.66122,-5.014163,0.437635
1.51315,-5.837975,0.984818
0.809715,-4.761804,-0.002199
9.00271,8.562734,7.762658
8.327396,7.893172,7.453404
9.88992,8.356277,7.350065
0.214249,12.104889,-2.811713
0.566137,13.03433,-2.922683
0.887814,11.450281,-3.154932
-14.125182,5.297788,-10.073934
-13.857719,4.464762,-9.589649
-14.209441,6.050468,-9.420962
-7.086609,-3.991191,7.778608
-6.310004,-4.56555,7.519771
-7.473303,-4.321715,8.639551
13.226035,-7.858437,-15.511709
12.442652,-7.669035,14.970463
13.338781,-7.109836,-14.858346
3.94724,-3.380192,-13.337217
4.816271,-2.935956,-13.119412
3.32744,-2.714373,-13.752586
-0.933868,-7.026883,8.073008
-1.554792,-7.368278,8.77863
-0.036017,-6.850091,8.476256
-10.781048,0.425838,-10.180964
-10.067666,-0.024107,-10.396184
-10.379323,1.194916,-9.683836
12.122114,6.670067,-14.174321
11.390597,7.008091,-13.582187
13.00768,6.851042,-13.746512
13.525303,-13.585641,-8.27357
12.946881,-13.573281,-9.089214
13.090054,-14.140633,-7.564667
-2.752495,14.141092,-4.639716
-2.009412,13.766131,-5.194002
-2.882884,13.571741,-3.828028
8.613468,-4.13861,0.182422
9.488452,-3.663073,0.273353
7.963257,-3.770202,0.846877
-4.530341,-1.90665,-9.560183
-3.995441,-1.171822,-9.977206
-4.507976,-1.811718,-8.56495
13.827566,15.011334,7.907089
13.565763,14.053806,7.786264
13.046948,15.528597,8.257909
11.211175,-12.795733,1.423396
11.881468,-12.181591,1.006818
10.289294,-12.447382,1.253726
7.79606,1.504399,-3.164951
8.61225,1.122752,-3.598747
7.117593,1.723717,-3.866081
9.107215,6.721666,-2.087201
8.922878,7.370556,-2.825416
9.440779,5.862162,-2.474485
-1.175289,-7.863429,-3.202023
-1.899963,-8.060158,-3.862436
-1.249139,-8.493128,-2.428703
-7.913688,7.449569,-3.712894
-7.547963,6.952079,-2.926288
-7.250647,7.424054,-4.461042
-9.402726,-5.609479,-1.317973
-8.646817,-6.225603,-1.539316
-9.048244,-4.685762,-1.172746
3.329358,8.672455,-4.726014
2.78449,8.087117,-4.1256
3.291693,8.318415,-5.660486
11.734247,-10.980121,-13.957906
11.29645,-10.311124,-14.558554
11.462912,-11.902566,-14.232626
-10.599902,4.572519,-6.275924
-10.894292,3.932616,-5.566095
-10.591237,5.50107,-5.904821
-10.894292,3.932616,-5.566095
-10.591237,5.50107,-5.904821
end